사원번호,성명,부서,직급,대출종류,대출금액(원),이자율,상환기간(개월),월상환액(원),상환완료액(원),상환잔액(원),대출승인일,만기일,상환상태,연체일수,담당자
EMP0001,최민준,연구개발팀,대리,생활안정자금대출,"5,000,000",1.92%,12,"416,667","5,000,004",0,2023-10-17,2024-10-11,완납,0,정태영
EMP0002,박건우,영업팀,사원,주택자금대출,"3,000,000",2.16%,60,"50,000","1,850,000","1,150,000",2023-05-17,2028-04-20,정상,0,정태영
EMP0003,조지석,재무팀,부장,자녀학자금대출,"20,000,000",2.16%,60,"333,333","19,666,647","333,353",2021-07-23,2026-06-27,정상,0,이서연
EMP0004,신동현,설비유지팀,주임,생활안정자금대출,"10,000,000",1.81%,48,"208,333","9,999,984",16,2020-07-17,2024-06-26,정상,0,박지훈
EMP0005,전성호,생산1팀,부장,긴급생활자금대출,"30,000,000",1.87%,48,"625,000","30,000,000",0,2020-06-10,2024-05-20,완납,0,정태영
EMP0006,임태준,재무팀,차장,의료비대출,"30,000,000",2.08%,12,"2,500,000","30,000,000",0,2020-04-03,2021-03-29,완납,0,이서연
EMP0007,임지훈,품질관리팀,팀장,주택자금대출,"20,000,000",2.33%,36,"555,556","20,000,016",0,2020-11-29,2023-11-14,완납,0,박지훈
EMP0008,오지민,재무팀,대리,주택자금대출,"30,000,000",3.4%,60,"500,000","14,000,000","16,000,000",2024-02-02,2029-01-06,정상,0,이서연
EMP0009,권승민,설비유지팀,부장,자녀학자금대출,"5,000,000",3.55%,12,"416,667","5,000,004",0,2021-04-14,2022-04-09,완납,0,김민준
EMP0010,한승민,설비유지팀,사원,생활안정자금대출,"30,000,000",4.13%,36,"833,333","29,999,988",12,2021-03-11,2024-02-24,연체,51,최수아
EMP0011,정성호,생산3팀,주임,자녀학자금대출,"30,000,000",2.29%,60,"500,000","24,500,000","5,500,000",2022-05-27,2027-05-01,연체,47,이서연
EMP0012,정재원,구매팀,사원,주택자금대출,"3,000,000",1.96%,24,"125,000","3,000,000",0,2024-06-10,2026-05-31,완납,0,최수아
EMP0013,전지훈,영업팀,과장,자녀학자금대출,"20,000,000",3.09%,60,"333,333","6,333,327","13,666,673",2024-10-28,2029-10-02,정상,0,김민준
EMP0014,송민호,설비유지팀,팀장,의료비대출,"3,000,000",2.38%,24,"125,000","3,000,000",0,2022-07-18,2024-07-07,완납,0,김민준
EMP0015,장재원,생산3팀,차장,주택자금대출,"50,000,000",2.4%,60,"833,333","29,999,988","20,000,012",2023-06-01,2028-05-05,정상,0,이서연
EMP0016,오민호,생산3팀,차장,자녀학자금대출,"3,000,000",3.3%,48,"62,500","3,000,000",0,2020-02-09,2024-01-19,완납,0,김민준
EMP0017,오상우,설비유지팀,주임,주택자금대출,"5,000,000",4.13%,12,"416,667","5,000,004",0,2020-06-24,2021-06-19,완납,0,최수아
EMP0018,박민호,총무팀,팀장,생활안정자금대출,"5,000,000",3.48%,60,"83,333","4,999,980",20,2020-12-04,2025-11-08,정상,0,정태영
EMP0019,전혜린,품질관리팀,차장,생활안정자금대출,"50,000,000",2.44%,36,"1,388,889","50,000,004",0,2022-06-16,2025-05-31,완납,0,정태영
EMP0020,권수아,품질관리팀,주임,주택자금대출,"10,000,000",1.56%,60,"166,667","10,000,020",0,2021-04-16,2026-03-21,완납,0,정태영
EMP0021,윤민준,생산2팀,부장,주택자금대출,"5,000,000",1.7%,12,"416,667","5,000,004",0,2024-10-26,2025-10-21,완납,0,박지훈
EMP0022,박재원,품질관리팀,대리,긴급생활자금대출,"5,000,000",3.12%,60,"83,333","3,249,987","1,750,013",2023-03-26,2028-02-28,연체,32,최수아
EMP0023,신지민,생산2팀,사원,긴급생활자금대출,"10,000,000",2.77%,48,"208,333","3,958,327","6,041,673",2024-11-04,2028-10-14,정상,0,김민준
EMP0024,이승민,연구개발팀,대리,주택자금대출,"5,000,000",2.07%,60,"83,333","3,916,651","1,083,349",2022-07-07,2027-06-11,정상,0,최수아
EMP0025,강성호,구매팀,주임,주택자금대출,"20,000,000",3.92%,60,"333,333","19,999,980",20,2020-07-19,2025-06-23,정상,0,정태영
EMP0026,김지훈,품질관리팀,주임,긴급생활자금대출,"20,000,000",2.94%,48,"416,667","6,666,672","13,333,328",2025-01-22,2029-01-01,정상,0,이서연
EMP0027,서민준,영업팀,대리,긴급생활자금대출,"10,000,000",2.77%,60,"166,667","5,500,011","4,499,989",2023-09-17,2028-08-21,연체,20,이서연
EMP0028,임지민,생산1팀,차장,자녀학자금대출,"3,000,000",3.74%,12,"250,000","3,000,000",0,2020-04-12,2021-04-07,완납,0,정태영
EMP0029,황재원,총무팀,주임,주택자금대출,"30,000,000",1.74%,24,"1,250,000","30,000,000",0,2020-05-20,2022-05-10,완납,0,정태영
EMP0030,박하은,품질관리팀,과장,주택자금대출,"30,000,000",2.24%,60,"500,000","30,000,000",0,2020-03-22,2025-02-24,완납,0,정태영
EMP0031,박혜린,재무팀,차장,자녀학자금대출,"30,000,000",2.45%,36,"833,333","29,999,988",12,2021-02-22,2024-02-07,정상,0,이서연
EMP0032,장승민,생산3팀,부장,의료비대출,"20,000,000",2.45%,12,"1,666,667","20,000,004",0,2020-01-20,2021-01-14,완납,0,최수아
EMP0033,전건우,생산2팀,사원,자녀학자금대출,"5,000,000",3.02%,24,"208,333","2,916,662","2,083,338",2025-03-26,2027-03-16,정상,0,김민준
EMP0034,윤유진,설비유지팀,주임,긴급생활자금대출,"30,000,000",3.61%,60,"500,000","11,500,000","18,500,000",2024-07-10,2029-06-14,정상,0,정태영
EMP0035,임보람,재무팀,사원,생활안정자금대출,"10,000,000",1.85%,12,"833,333","9,999,996",4,2024-02-29,2025-02-23,정상,0,박지훈
EMP0036,임채원,품질관리팀,부장,의료비대출,"5,000,000",3.56%,36,"138,889","5,000,004",0,2022-11-01,2025-10-16,완납,0,최수아
EMP0037,장상우,생산1팀,사원,긴급생활자금대출,"10,000,000",1.63%,36,"277,778","6,944,450","3,055,550",2024-04-28,2027-04-13,정상,0,박지훈
EMP0038,강수빈,구매팀,차장,긴급생활자금대출,"30,000,000",1.53%,12,"2,500,000","30,000,000",0,2025-04-19,2026-04-14,완납,0,이서연
EMP0039,송서연,물류팀,차장,자녀학자금대출,"5,000,000",2.79%,12,"416,667","5,000,004",0,2021-09-23,2022-09-18,완납,0,박지훈
EMP0040,이상우,물류팀,주임,생활안정자금대출,"50,000,000",1.81%,60,"833,333","14,999,994","35,000,006",2024-12-15,2029-11-19,연체,80,이서연
EMP0041,윤지현,생산3팀,팀장,생활안정자금대출,"20,000,000",1.57%,36,"555,556","13,888,900","6,111,100",2024-05-21,2027-05-06,연체,86,이서연
EMP0042,장현우,연구개발팀,사원,긴급생활자금대출,"3,000,000",4.08%,24,"125,000","3,000,000",0,2021-02-12,2023-02-02,완납,0,최수아
EMP0043,오나연,품질관리팀,주임,주택자금대출,"50,000,000",2.08%,36,"1,388,889","50,000,004",0,2021-07-24,2024-07-08,완납,0,김민준
EMP0044,장유진,재무팀,차장,긴급생활자금대출,"50,000,000",4.44%,60,"833,333","45,833,315","4,166,685",2021-11-09,2026-10-14,정상,0,김민준
EMP0045,장현우,인사팀,대리,주택자금대출,"3,000,000",3.29%,36,"83,333","2,333,324","666,676",2024-02-01,2027-01-16,정상,0,최수아
EMP0046,전재원,생산2팀,과장,자녀학자금대출,"5,000,000",2.26%,48,"104,167","5,000,016",0,2020-01-04,2023-12-14,완납,0,정태영
EMP0047,송하은,연구개발팀,부장,생활안정자금대출,"10,000,000",2.79%,36,"277,778","9,722,230","277,770",2023-06-30,2026-06-14,정상,0,김민준
EMP0048,임재원,설비유지팀,부장,긴급생활자금대출,"10,000,000",2.71%,36,"277,778","10,000,008",0,2023-02-09,2026-01-24,완납,0,이서연
EMP0049,조혜린,재무팀,과장,생활안정자금대출,"30,000,000",3.21%,48,"625,000","25,625,000","4,375,000",2023-01-27,2027-01-06,정상,0,박지훈
EMP0050,임지민,영업팀,팀장,자녀학자금대출,"30,000,000",3.46%,48,"625,000","30,000,000",0,2022-06-23,2026-06-02,완납,0,최수아
EMP0051,조재원,구매팀,팀장,생활안정자금대출,"50,000,000",1.75%,60,"833,333","27,499,989","22,500,011",2023-09-21,2028-08-25,정상,0,김민준
EMP0052,윤하은,설비유지팀,주임,생활안정자금대출,"5,000,000",1.57%,24,"208,333","4,999,992",8,2022-08-31,2024-08-20,정상,0,최수아
EMP0053,신상우,재무팀,차장,생활안정자금대출,"50,000,000",3.59%,48,"1,041,667","50,000,016",0,2022-03-29,2026-03-08,완납,0,이서연
EMP0054,정도윤,연구개발팀,사원,주택자금대출,"20,000,000",2.16%,60,"333,333","15,333,318","4,666,682",2022-08-09,2027-07-14,정상,0,정태영
EMP0055,윤보람,생산2팀,과장,생활안정자금대출,"20,000,000",3.5%,60,"333,333","12,333,321","7,666,679",2023-05-04,2028-04-07,정상,0,최수아
EMP0056,전태준,연구개발팀,차장,긴급생활자금대출,"30,000,000",2.84%,24,"1,250,000","30,000,000",0,2024-03-03,2026-02-21,완납,0,최수아
EMP0057,권성호,품질관리팀,팀장,의료비대출,"30,000,000",2.95%,24,"1,250,000","30,000,000",0,2021-07-16,2023-07-06,완납,0,최수아
EMP0058,박지석,설비유지팀,주임,의료비대출,"10,000,000",2.46%,60,"166,667","10,000,020",0,2020-06-14,2025-05-19,완납,0,이서연
EMP0059,정예린,영업팀,부장,생활안정자금대출,"50,000,000",2.14%,48,"1,041,667","50,000,016",0,2022-04-14,2026-03-24,완납,0,박지훈
EMP0060,송준혁,영업팀,사원,생활안정자금대출,"20,000,000",2.67%,60,"333,333","4,333,329","15,666,671",2025-04-21,2030-03-26,정상,0,정태영
EMP0061,서소희,생산1팀,대리,의료비대출,"20,000,000",4.06%,48,"416,667","17,083,347","2,916,653",2023-01-07,2026-12-17,정상,0,최수아
EMP0062,윤성호,영업팀,과장,주택자금대출,"20,000,000",2.51%,48,"416,667","11,666,676","8,333,324",2024-01-23,2028-01-02,정상,0,최수아
EMP0063,정채원,총무팀,사원,긴급생활자금대출,"30,000,000",3.19%,12,"2,500,000","30,000,000",0,2020-06-20,2021-06-15,완납,0,최수아
EMP0064,정지현,구매팀,주임,주택자금대출,"10,000,000",2.64%,24,"416,667","10,000,008",0,2022-07-20,2024-07-09,완납,0,박지훈
EMP0065,한민호,영업팀,대리,긴급생활자금대출,"10,000,000",4.0%,48,"208,333","9,999,984",16,2020-02-09,2024-01-19,정상,0,박지훈
EMP0066,윤도윤,생산2팀,팀장,주택자금대출,"3,000,000",4.35%,24,"125,000","2,625,000","375,000",2024-09-14,2026-09-04,정상,0,정태영
EMP0067,정예린,생산3팀,과장,주택자금대출,"30,000,000",4.34%,48,"625,000","18,750,000","11,250,000",2023-12-03,2027-11-12,정상,0,박지훈
EMP0068,강채원,인사팀,부장,주택자금대출,"5,000,000",4.39%,12,"416,667","5,000,004",0,2023-03-31,2024-03-25,완납,0,김민준
EMP0069,임건우,재무팀,과장,긴급생활자금대출,"50,000,000",2.09%,60,"833,333","25,833,323","24,166,677",2023-11-15,2028-10-19,정상,0,김민준
EMP0070,임지현,재무팀,차장,주택자금대출,"30,000,000",3.85%,36,"833,333","29,999,988",12,2022-12-27,2025-12-11,연체,85,박지훈
EMP0071,박재원,재무팀,대리,주택자금대출,"20,000,000",3.97%,12,"1,666,667","20,000,004",0,2022-06-06,2023-06-01,완납,0,박지훈
EMP0072,권지석,생산3팀,과장,생활안정자금대출,"50,000,000",3.07%,36,"1,388,889","50,000,004",0,2023-06-15,2026-05-30,완납,0,정태영
EMP0073,황준혁,영업팀,팀장,자녀학자금대출,"10,000,000",2.47%,24,"416,667","8,750,007","1,249,993",2024-08-28,2026-08-18,정상,0,박지훈
EMP0074,권예린,구매팀,차장,자녀학자금대출,"50,000,000",2.64%,12,"4,166,667","50,000,004",0,2022-10-09,2023-10-04,완납,0,박지훈
EMP0075,강소희,품질관리팀,대리,의료비대출,"10,000,000",2.34%,60,"166,667","5,000,010","4,999,990",2023-12-07,2028-11-10,정상,0,정태영
EMP0076,김재원,품질관리팀,사원,생활안정자금대출,"50,000,000",2.72%,60,"833,333","21,666,658","28,333,342",2024-04-01,2029-03-06,정상,0,최수아
EMP0077,황준혁,생산1팀,사원,의료비대출,"5,000,000",2.71%,24,"208,333","4,999,992",8,2021-09-19,2023-09-09,정상,0,최수아
EMP0078,송재원,물류팀,과장,자녀학자금대출,"10,000,000",2.56%,48,"208,333","9,999,984",16,2021-07-08,2025-06-17,정상,0,박지훈
EMP0079,윤수아,연구개발팀,주임,의료비대출,"3,000,000",3.73%,24,"125,000","3,000,000",0,2021-01-27,2023-01-17,완납,0,이서연
EMP0080,황성호,연구개발팀,차장,자녀학자금대출,"30,000,000",2.35%,12,"2,500,000","30,000,000",0,2024-09-01,2025-08-27,완납,0,이서연
EMP0081,임예린,물류팀,주임,의료비대출,"3,000,000",3.62%,24,"125,000","3,000,000",0,2021-07-15,2023-07-05,완납,0,김민준
EMP0082,이미래,설비유지팀,부장,생활안정자금대출,"50,000,000",4.11%,48,"1,041,667","50,000,016",0,2020-07-29,2024-07-08,완납,0,김민준
EMP0083,류나연,구매팀,과장,긴급생활자금대출,"10,000,000",2.05%,12,"833,333","9,999,996",4,2021-06-01,2022-05-27,연체,15,김민준
EMP0084,서소희,생산2팀,차장,주택자금대출,"5,000,000",1.95%,60,"83,333","1,083,329","3,916,671",2025-04-27,2030-04-01,정상,0,김민준
EMP0085,윤수아,총무팀,팀장,긴급생활자금대출,"30,000,000",3.29%,60,"500,000","30,000,000",0,2021-04-07,2026-03-12,완납,0,정태영
EMP0086,서준혁,구매팀,대리,자녀학자금대출,"20,000,000",2.42%,60,"333,333","19,999,980",20,2020-05-03,2025-04-07,정상,0,이서연
EMP0087,조성호,재무팀,사원,생활안정자금대출,"5,000,000",2.02%,12,"416,667","5,000,004",0,2020-11-16,2021-11-11,완납,0,김민준
EMP0088,신준혁,연구개발팀,차장,긴급생활자금대출,"10,000,000",1.6%,36,"277,778","8,333,340","1,666,660",2023-12-18,2026-12-02,정상,0,최수아
EMP0089,박하은,품질관리팀,대리,자녀학자금대출,"50,000,000",3.91%,24,"2,083,333","49,999,992",8,2022-05-20,2024-05-09,정상,0,정태영
EMP0090,윤도윤,생산3팀,대리,생활안정자금대출,"3,000,000",1.68%,36,"83,333","2,999,988",12,2023-05-03,2026-04-17,정상,0,최수아
EMP0091,최준혁,연구개발팀,대리,긴급생활자금대출,"10,000,000",3.0%,48,"208,333","9,999,984",16,2022-06-15,2026-05-25,정상,0,정태영
EMP0092,이상우,영업팀,부장,의료비대출,"30,000,000",2.25%,12,"2,500,000","30,000,000",0,2021-04-13,2022-04-08,완납,0,정태영
EMP0093,류민준,재무팀,팀장,의료비대출,"30,000,000",1.62%,24,"1,250,000","30,000,000",0,2022-08-21,2024-08-10,완납,0,정태영
EMP0094,권보람,설비유지팀,주임,자녀학자금대출,"20,000,000",3.4%,48,"416,667","20,000,016",0,2020-07-05,2024-06-14,완납,0,최수아
EMP0095,오혜린,물류팀,대리,주택자금대출,"5,000,000",2.49%,48,"104,167","5,000,016",0,2021-08-13,2025-07-23,완납,0,최수아
EMP0096,송서연,구매팀,사원,의료비대출,"10,000,000",2.47%,48,"208,333","3,958,327","6,041,673",2024-11-06,2028-10-16,정상,0,정태영
EMP0097,권혜린,생산1팀,주임,자녀학자금대출,"10,000,000",3.37%,48,"208,333","7,291,655","2,708,345",2023-07-04,2027-06-13,연체,7,이서연
EMP0098,장미래,생산3팀,대리,긴급생활자금대출,"50,000,000",2.95%,12,"4,166,667","50,000,004",0,2023-07-14,2024-07-08,완납,0,정태영
EMP0099,윤지석,생산3팀,대리,자녀학자금대출,"3,000,000",3.16%,12,"250,000","3,000,000",0,2021-04-05,2022-03-31,완납,0,김민준
EMP0100,권수아,재무팀,팀장,생활안정자금대출,"20,000,000",4.3%,36,"555,556","20,000,016",0,2022-11-08,2025-10-23,완납,0,박지훈
EMP0101,신태준,구매팀,과장,생활안정자금대출,"20,000,000",3.15%,48,"416,667","20,000,016",0,2021-01-25,2025-01-04,완납,0,정태영
EMP0102,안수빈,생산3팀,팀장,주택자금대출,"10,000,000",3.82%,48,"208,333","9,999,984",16,2021-11-27,2025-11-06,정상,0,김민준
EMP0103,임수빈,설비유지팀,팀장,자녀학자금대출,"30,000,000",4.5%,48,"625,000","11,875,000","18,125,000",2024-11-07,2028-10-17,정상,0,최수아
EMP0104,송소희,물류팀,대리,자녀학자금대출,"30,000,000",2.63%,36,"833,333","15,833,327","14,166,673",2024-11-15,2027-10-31,정상,0,이서연
EMP0105,류승민,품질관리팀,팀장,긴급생활자금대출,"3,000,000",2.45%,48,"62,500","1,875,000","1,125,000",2023-12-15,2027-11-24,연체,50,이서연
EMP0106,황서연,생산3팀,차장,자녀학자금대출,"10,000,000",4.11%,48,"208,333","9,999,984",16,2020-07-23,2024-07-02,연체,2,이서연
EMP0107,신지현,재무팀,주임,주택자금대출,"20,000,000",3.84%,36,"555,556","20,000,016",0,2021-11-24,2024-11-08,완납,0,정태영
EMP0108,서도윤,생산2팀,팀장,의료비대출,"50,000,000",4.08%,48,"1,041,667","13,541,671","36,458,329",2025-05-08,2029-04-17,정상,0,최수아
EMP0109,송서연,인사팀,사원,생활안정자금대출,"50,000,000",3.55%,36,"1,388,889","50,000,004",0,2021-04-10,2024-03-25,완납,0,김민준
EMP0110,신수아,재무팀,부장,주택자금대출,"20,000,000",2.0%,36,"555,556","8,888,896","11,111,104",2025-01-24,2028-01-09,정상,0,김민준
EMP0111,한아영,생산1팀,대리,의료비대출,"10,000,000",2.79%,24,"416,667","10,000,008",0,2022-12-23,2024-12-12,완납,0,최수아
EMP0112,류하은,생산3팀,주임,생활안정자금대출,"3,000,000",3.33%,48,"62,500","2,250,000","750,000",2023-06-23,2027-06-02,정상,0,최수아
EMP0113,류태영,품질관리팀,과장,의료비대출,"20,000,000",2.27%,12,"1,666,667","20,000,004",0,2025-01-14,2026-01-09,완납,0,최수아
EMP0114,임하은,총무팀,주임,주택자금대출,"20,000,000",4.34%,60,"333,333","19,333,314","666,686",2021-09-04,2026-08-09,연체,89,박지훈
EMP0115,권지현,설비유지팀,주임,긴급생활자금대출,"20,000,000",1.82%,48,"416,667","16,250,013","3,749,987",2023-03-17,2027-02-24,정상,0,정태영
EMP0116,임지석,설비유지팀,사원,긴급생활자금대출,"10,000,000",1.52%,12,"833,333","9,999,996",4,2025-02-07,2026-02-02,연체,37,이서연
EMP0117,전아영,물류팀,주임,생활안정자금대출,"30,000,000",2.25%,24,"1,250,000","30,000,000",0,2023-07-10,2025-06-29,완납,0,김민준
EMP0118,이나연,구매팀,사원,자녀학자금대출,"10,000,000",3.7%,12,"833,333","9,999,996",4,2025-02-05,2026-01-31,정상,0,박지훈
EMP0119,신현우,품질관리팀,주임,자녀학자금대출,"10,000,000",3.09%,36,"277,778","5,833,338","4,166,662",2024-08-27,2027-08-12,정상,0,박지훈
EMP0120,황아영,설비유지팀,부장,의료비대출,"3,000,000",2.9%,12,"250,000","3,000,000",0,2020-10-15,2021-10-10,완납,0,이서연
EMP0121,서지현,총무팀,대리,주택자금대출,"20,000,000",1.54%,60,"333,333","19,999,980",20,2020-09-10,2025-08-15,연체,48,박지훈
EMP0122,류승민,재무팀,대리,주택자금대출,"50,000,000",2.2%,12,"4,166,667","50,000,004",0,2023-06-22,2024-06-16,완납,0,정태영
EMP0123,한보람,인사팀,주임,주택자금대출,"50,000,000",3.97%,36,"1,388,889","47,222,226","2,777,774",2023-08-22,2026-08-06,연체,15,이서연
EMP0124,이서연,설비유지팀,과장,주택자금대출,"3,000,000",2.2%,60,"50,000","3,000,000",0,2020-10-04,2025-09-08,완납,0,최수아
EMP0125,권유진,재무팀,부장,자녀학자금대출,"20,000,000",3.26%,24,"833,333","14,166,661","5,833,339",2024-12-18,2026-12-08,연체,84,김민준
EMP0126,황채원,영업팀,대리,주택자금대출,"50,000,000",2.61%,48,"1,041,667","50,000,016",0,2022-06-29,2026-06-08,완납,0,이서연
EMP0127,오수아,재무팀,대리,자녀학자금대출,"50,000,000",2.58%,48,"1,041,667","50,000,016",0,2021-07-19,2025-06-28,완납,0,이서연
EMP0128,최지현,구매팀,사원,생활안정자금대출,"50,000,000",3.42%,12,"4,166,667","50,000,004",0,2020-04-13,2021-04-08,완납,0,박지훈
EMP0129,윤태영,인사팀,주임,주택자금대출,"30,000,000",2.12%,24,"1,250,000","27,500,000","2,500,000",2024-07-23,2026-07-13,정상,0,박지훈
EMP0130,정아영,인사팀,사원,의료비대출,"5,000,000",4.46%,60,"83,333","4,999,980",20,2021-05-28,2026-05-02,정상,0,김민준
EMP0131,김태영,생산1팀,대리,생활안정자금대출,"30,000,000",2.47%,24,"1,250,000","30,000,000",0,2021-06-27,2023-06-17,완납,0,김민준
EMP0132,정수빈,영업팀,차장,주택자금대출,"50,000,000",1.69%,48,"1,041,667","26,041,675","23,958,325",2024-05-12,2028-04-21,정상,0,정태영
EMP0133,류수아,구매팀,차장,생활안정자금대출,"30,000,000",1.63%,60,"500,000","28,500,000","1,500,000",2021-09-09,2026-08-14,연체,83,김민준
EMP0134,이소희,영업팀,과장,주택자금대출,"20,000,000",3.64%,48,"416,667","20,000,016",0,2020-05-30,2024-05-09,완납,0,김민준
EMP0135,한채원,생산3팀,사원,생활안정자금대출,"10,000,000",3.37%,60,"166,667","6,666,680","3,333,320",2023-01-28,2028-01-02,정상,0,최수아
EMP0136,전재원,설비유지팀,과장,자녀학자금대출,"30,000,000",2.79%,12,"2,500,000","30,000,000",0,2024-10-12,2025-10-07,완납,0,정태영
EMP0137,조혜린,구매팀,주임,긴급생활자금대출,"10,000,000",3.98%,48,"208,333","9,999,984",16,2022-05-01,2026-04-10,정상,0,박지훈
EMP0138,신동현,재무팀,대리,의료비대출,"5,000,000",3.56%,48,"104,167","5,000,016",0,2020-05-17,2024-04-26,완납,0,김민준
EMP0139,박지훈,영업팀,사원,의료비대출,"5,000,000",3.17%,60,"83,333","1,083,329","3,916,671",2025-05-13,2030-04-17,정상,0,김민준
EMP0140,신유진,재무팀,팀장,긴급생활자금대출,"50,000,000",1.65%,36,"1,388,889","50,000,004",0,2023-05-14,2026-04-28,완납,0,박지훈
EMP0141,오수아,인사팀,차장,생활안정자금대출,"5,000,000",3.47%,24,"208,333","4,166,660","833,340",2024-10-01,2026-09-21,정상,0,박지훈
EMP0142,송유진,생산2팀,팀장,의료비대출,"30,000,000",2.18%,48,"625,000","12,500,000","17,500,000",2024-09-26,2028-09-05,정상,0,정태영
EMP0143,장민준,생산3팀,대리,의료비대출,"10,000,000",2.55%,24,"416,667","7,916,673","2,083,327",2024-11-16,2026-11-06,정상,0,정태영
EMP0144,서지훈,생산3팀,부장,주택자금대출,"3,000,000",3.74%,24,"125,000","3,000,000",0,2022-02-09,2024-01-30,완납,0,최수아
EMP0145,권동현,생산3팀,대리,의료비대출,"50,000,000",2.47%,60,"833,333","30,833,321","19,166,679",2023-05-06,2028-04-09,정상,0,김민준
EMP0146,정현우,인사팀,사원,주택자금대출,"10,000,000",2.83%,48,"208,333","9,374,985","625,015",2022-09-21,2026-08-31,연체,54,박지훈
EMP0147,조민호,총무팀,사원,의료비대출,"20,000,000",1.83%,60,"333,333","14,999,985","5,000,015",2022-09-23,2027-08-28,정상,0,김민준
EMP0148,윤승민,인사팀,사원,주택자금대출,"5,000,000",2.4%,24,"208,333","4,999,992",8,2024-04-20,2026-04-10,정상,0,박지훈
EMP0149,임동현,생산2팀,사원,긴급생활자금대출,"50,000,000",2.79%,24,"2,083,333","49,999,992",8,2022-02-17,2024-02-07,정상,0,정태영
EMP0150,송태준,재무팀,팀장,의료비대출,"3,000,000",2.69%,12,"250,000","3,000,000",0,2022-06-12,2023-06-07,완납,0,김민준
EMP0151,권보람,생산2팀,팀장,의료비대출,"30,000,000",2.79%,48,"625,000","18,125,000","11,875,000",2023-12-24,2027-12-03,연체,38,김민준
EMP0152,서민준,물류팀,주임,자녀학자금대출,"20,000,000",4.0%,36,"555,556","20,000,016",0,2020-06-29,2023-06-14,완납,0,최수아
EMP0153,최예린,영업팀,차장,긴급생활자금대출,"30,000,000",1.74%,36,"833,333","22,499,991","7,500,009",2024-03-07,2027-02-20,정상,0,이서연
EMP0154,한민호,생산3팀,사원,자녀학자금대출,"50,000,000",1.84%,60,"833,333","49,999,980",20,2021-02-01,2026-01-06,정상,0,박지훈
EMP0155,정예린,생산2팀,주임,의료비대출,"5,000,000",2.02%,24,"208,333","4,999,992",8,2024-04-05,2026-03-26,정상,0,이서연
EMP0156,황준혁,인사팀,팀장,자녀학자금대출,"20,000,000",3.54%,60,"333,333","11,333,322","8,666,678",2023-08-09,2028-07-13,정상,0,박지훈
EMP0157,정준혁,생산2팀,과장,긴급생활자금대출,"50,000,000",2.41%,36,"1,388,889","50,000,004",0,2023-04-26,2026-04-10,완납,0,김민준
EMP0158,오재원,생산2팀,대리,긴급생활자금대출,"20,000,000",1.61%,36,"555,556","11,666,676","8,333,324",2024-08-30,2027-08-15,정상,0,김민준
EMP0159,박채원,인사팀,차장,긴급생활자금대출,"20,000,000",3.24%,12,"1,666,667","20,000,004",0,2022-07-10,2023-07-05,완납,0,정태영
EMP0160,조동현,인사팀,과장,자녀학자금대출,"5,000,000",4.37%,48,"104,167","5,000,016",0,2020-07-30,2024-07-09,완납,0,박지훈
EMP0161,박재원,재무팀,주임,주택자금대출,"5,000,000",3.62%,48,"104,167","4,375,014","624,986",2022-12-09,2026-11-18,정상,0,박지훈
EMP0162,오보람,설비유지팀,과장,긴급생활자금대출,"10,000,000",3.54%,12,"833,333","9,999,996",4,2024-06-04,2025-05-30,정상,0,김민준
EMP0163,한수아,총무팀,부장,긴급생활자금대출,"10,000,000",2.26%,60,"166,667","3,000,006","6,999,994",2024-11-23,2029-10-28,정상,0,박지훈
EMP0164,박건우,재무팀,주임,의료비대출,"10,000,000",4.4%,48,"208,333","9,999,984",16,2020-09-21,2024-08-31,정상,0,박지훈
EMP0165,송승민,재무팀,팀장,의료비대출,"5,000,000",3.51%,60,"83,333","4,999,980",20,2020-07-10,2025-06-14,연체,66,박지훈
EMP0166,김유진,설비유지팀,주임,생활안정자금대출,"10,000,000",4.34%,48,"208,333","9,999,984",16,2021-01-28,2025-01-07,정상,0,이서연
EMP0167,정지훈,설비유지팀,팀장,주택자금대출,"30,000,000",3.81%,60,"500,000","30,000,000",0,2020-03-18,2025-02-20,완납,0,박지훈
EMP0168,전태영,인사팀,과장,생활안정자금대출,"5,000,000",2.04%,60,"83,333","1,916,659","3,083,341",2024-07-14,2029-06-18,정상,0,최수아
EMP0169,이혜린,물류팀,부장,생활안정자금대출,"20,000,000",3.33%,48,"416,667","20,000,016",0,2021-04-24,2025-04-03,완납,0,정태영
EMP0170,윤나연,구매팀,팀장,생활안정자금대출,"10,000,000",3.53%,60,"166,667","8,000,016","1,999,984",2022-06-21,2027-05-26,연체,37,최수아
EMP0171,안재원,영업팀,주임,생활안정자금대출,"30,000,000",1.92%,36,"833,333","29,999,988",12,2020-04-16,2023-04-01,연체,48,정태영
EMP0172,최지석,총무팀,팀장,주택자금대출,"10,000,000",1.75%,24,"416,667","10,000,008",0,2021-07-12,2023-07-02,완납,0,최수아
EMP0173,안태영,영업팀,사원,생활안정자금대출,"20,000,000",4.15%,12,"1,666,667","20,000,004",0,2022-04-29,2023-04-24,완납,0,김민준
EMP0174,서재원,물류팀,주임,긴급생활자금대출,"3,000,000",2.62%,12,"250,000","3,000,000",0,2021-10-14,2022-10-09,완납,0,김민준
EMP0175,한아영,생산3팀,주임,주택자금대출,"10,000,000",4.25%,48,"208,333","6,249,990","3,750,010",2023-11-26,2027-11-05,정상,0,최수아
EMP0176,권채원,생산1팀,사원,주택자금대출,"10,000,000",2.15%,24,"416,667","10,000,008",0,2023-01-28,2025-01-17,완납,0,정태영
EMP0177,안혜린,생산2팀,팀장,의료비대출,"5,000,000",2.4%,12,"416,667","5,000,004",0,2021-05-03,2022-04-28,완납,0,최수아
EMP0178,전준혁,생산2팀,사원,긴급생활자금대출,"30,000,000",3.11%,60,"500,000","19,500,000","10,500,000",2023-03-23,2028-02-25,정상,0,이서연
EMP0179,임혜린,생산1팀,차장,의료비대출,"5,000,000",3.21%,24,"208,333","4,999,992",8,2023-09-22,2025-09-11,정상,0,정태영
EMP0180,오지훈,총무팀,차장,자녀학자금대출,"30,000,000",3.16%,48,"625,000","11,250,000","18,750,000",2024-11-23,2028-11-02,연체,6,최수아
EMP0181,오성호,연구개발팀,사원,의료비대출,"3,000,000",2.53%,12,"250,000","3,000,000",0,2024-04-29,2025-04-24,완납,0,정태영
EMP0182,한태영,생산1팀,대리,자녀학자금대출,"10,000,000",3.94%,24,"416,667","8,750,007","1,249,993",2024-08-27,2026-08-17,연체,90,최수아
EMP0183,강아영,생산3팀,사원,긴급생활자금대출,"3,000,000",2.38%,12,"250,000","3,000,000",0,2024-06-08,2025-06-03,완납,0,이서연
EMP0184,이동현,설비유지팀,차장,긴급생활자금대출,"30,000,000",2.92%,12,"2,500,000","30,000,000",0,2024-03-22,2025-03-17,완납,0,이서연
EMP0185,임유진,생산1팀,팀장,의료비대출,"10,000,000",1.87%,36,"277,778","10,000,008",0,2022-06-13,2025-05-28,완납,0,최수아
EMP0186,권상우,영업팀,대리,생활안정자금대출,"20,000,000",3.58%,36,"555,556","8,333,340","11,666,660",2025-03-07,2028-02-20,정상,0,김민준
EMP0187,신지훈,영업팀,차장,생활안정자금대출,"30,000,000",2.38%,12,"2,500,000","30,000,000",0,2020-06-12,2021-06-07,완납,0,박지훈
EMP0188,임나연,구매팀,차장,긴급생활자금대출,"5,000,000",3.57%,36,"138,889","5,000,004",0,2022-07-04,2025-06-18,완납,0,김민준
EMP0189,오채원,영업팀,대리,주택자금대출,"3,000,000",3.51%,48,"62,500","3,000,000",0,2022-01-14,2025-12-24,완납,0,정태영
EMP0190,강민준,생산3팀,팀장,자녀학자금대출,"50,000,000",3.84%,12,"4,166,667","50,000,004",0,2020-09-15,2021-09-10,완납,0,김민준
EMP0191,윤민호,재무팀,대리,의료비대출,"20,000,000",4.35%,12,"1,666,667","20,000,004",0,2023-05-24,2024-05-18,완납,0,이서연
EMP0192,권유진,물류팀,과장,주택자금대출,"30,000,000",1.91%,36,"833,333","29,999,988",12,2022-03-26,2025-03-10,정상,0,박지훈
EMP0193,윤수아,생산1팀,부장,생활안정자금대출,"20,000,000",3.05%,60,"333,333","19,999,980",20,2020-08-29,2025-08-03,정상,0,박지훈
EMP0194,권지민,인사팀,대리,긴급생활자금대출,"5,000,000",1.87%,12,"416,667","5,000,004",0,2022-07-14,2023-07-09,완납,0,이서연
EMP0195,권지훈,재무팀,팀장,의료비대출,"50,000,000",2.54%,12,"4,166,667","50,000,004",0,2023-01-31,2024-01-26,완납,0,정태영
EMP0196,임상우,설비유지팀,팀장,생활안정자금대출,"50,000,000",3.63%,24,"2,083,333","49,999,992",8,2024-06-13,2026-06-03,정상,0,정태영
EMP0197,윤수아,품질관리팀,팀장,생활안정자금대출,"5,000,000",3.87%,12,"416,667","5,000,004",0,2022-01-09,2023-01-04,완납,0,정태영
EMP0198,류유진,구매팀,팀장,자녀학자금대출,"5,000,000",3.34%,12,"416,667","5,000,004",0,2020-05-14,2021-05-09,완납,0,박지훈
EMP0199,서지석,연구개발팀,과장,자녀학자금대출,"20,000,000",3.81%,60,"333,333","19,999,980",20,2020-05-31,2025-05-05,정상,0,박지훈
EMP0200,박준혁,구매팀,부장,자녀학자금대출,"10,000,000",1.89%,60,"166,667","5,666,678","4,333,322",2023-08-03,2028-07-07,정상,0,이서연
EMP0201,신재원,생산1팀,팀장,주택자금대출,"30,000,000",1.96%,24,"1,250,000","30,000,000",0,2020-11-27,2022-11-17,완납,0,박지훈
EMP0202,윤유진,총무팀,대리,주택자금대출,"10,000,000",2.09%,60,"166,667","9,833,353","166,647",2021-07-16,2026-06-20,정상,0,박지훈
EMP0203,전미래,생산2팀,차장,생활안정자금대출,"30,000,000",4.32%,24,"1,250,000","30,000,000",0,2020-12-16,2022-12-06,완납,0,정태영
EMP0204,전동현,인사팀,사원,주택자금대출,"3,000,000",1.64%,60,"50,000","3,000,000",0,2021-06-26,2026-05-31,완납,0,이서연
EMP0205,류혜린,인사팀,부장,주택자금대출,"20,000,000",4.17%,60,"333,333","19,333,314","666,686",2021-08-16,2026-07-21,정상,0,최수아
EMP0206,윤아영,재무팀,과장,의료비대출,"20,000,000",1.72%,12,"1,666,667","20,000,004",0,2020-11-19,2021-11-14,완납,0,최수아
EMP0207,신소희,구매팀,주임,의료비대출,"30,000,000",1.93%,36,"833,333","23,333,324","6,666,676",2024-02-12,2027-01-27,정상,0,최수아
EMP0208,정민호,물류팀,차장,자녀학자금대출,"3,000,000",2.46%,48,"62,500","3,000,000",0,2020-09-07,2024-08-17,완납,0,박지훈
EMP0209,권예린,생산3팀,사원,주택자금대출,"10,000,000",4.34%,60,"166,667","8,166,683","1,833,317",2022-05-06,2027-04-10,정상,0,이서연
EMP0210,한보람,인사팀,부장,의료비대출,"5,000,000",3.79%,48,"104,167","4,479,181","520,819",2022-11-20,2026-10-30,연체,64,박지훈
EMP0211,황민준,생산2팀,과장,자녀학자금대출,"20,000,000",4.4%,24,"833,333","19,999,992",8,2023-04-09,2025-03-29,정상,0,김민준
EMP0212,이나연,구매팀,차장,긴급생활자금대출,"10,000,000",3.11%,12,"833,333","9,999,996",4,2022-06-01,2023-05-27,정상,0,박지훈
EMP0213,오민호,영업팀,대리,주택자금대출,"20,000,000",1.65%,60,"333,333","19,999,980",20,2021-02-02,2026-01-07,정상,0,정태영
EMP0214,임지훈,영업팀,차장,긴급생활자금대출,"30,000,000",2.34%,60,"500,000","15,500,000","14,500,000",2023-10-25,2028-09-28,정상,0,이서연
EMP0215,최승민,물류팀,팀장,의료비대출,"30,000,000",4.32%,24,"1,250,000","30,000,000",0,2021-02-11,2023-02-01,완납,0,정태영
EMP0216,안승민,총무팀,사원,주택자금대출,"3,000,000",1.91%,36,"83,333","1,916,659","1,083,341",2024-07-04,2027-06-19,연체,67,최수아
EMP0217,정채원,총무팀,주임,의료비대출,"30,000,000",2.46%,48,"625,000","22,500,000","7,500,000",2023-06-16,2027-05-26,정상,0,정태영
EMP0218,한재원,총무팀,차장,긴급생활자금대출,"50,000,000",3.19%,48,"1,041,667","22,916,674","27,083,326",2024-07-28,2028-07-07,정상,0,박지훈
EMP0219,한하은,생산2팀,과장,자녀학자금대출,"10,000,000",3.89%,12,"833,333","9,999,996",4,2023-05-07,2024-05-01,연체,34,정태영
EMP0220,류예린,연구개발팀,사원,자녀학자금대출,"20,000,000",2.01%,60,"333,333","8,333,325","11,666,675",2024-05-05,2029-04-09,연체,19,이서연
EMP0221,이건우,연구개발팀,사원,생활안정자금대출,"3,000,000",2.82%,48,"62,500","3,000,000",0,2020-11-06,2024-10-16,완납,0,최수아
EMP0222,조혜린,총무팀,팀장,자녀학자금대출,"20,000,000",4.12%,12,"1,666,667","20,000,004",0,2023-12-16,2024-12-10,완납,0,이서연
EMP0223,안지민,총무팀,대리,긴급생활자금대출,"30,000,000",2.63%,24,"1,250,000","30,000,000",0,2022-07-30,2024-07-19,완납,0,정태영
EMP0224,한미래,물류팀,부장,의료비대출,"30,000,000",2.95%,24,"1,250,000","30,000,000",0,2021-07-25,2023-07-15,완납,0,정태영
EMP0225,임예린,설비유지팀,팀장,의료비대출,"50,000,000",2.12%,48,"1,041,667","50,000,016",0,2021-10-11,2025-09-20,완납,0,최수아
EMP0226,오미래,연구개발팀,대리,의료비대출,"3,000,000",3.22%,60,"50,000","2,600,000","400,000",2022-02-16,2027-01-21,연체,45,이서연
EMP0227,임서연,설비유지팀,부장,주택자금대출,"10,000,000",4.27%,36,"277,778","7,500,006","2,499,994",2024-03-10,2027-02-23,연체,28,이서연
EMP0228,송성호,총무팀,부장,의료비대출,"5,000,000",1.83%,60,"83,333","4,999,980",20,2021-05-05,2026-04-09,정상,0,김민준
EMP0229,안예린,재무팀,주임,주택자금대출,"3,000,000",2.74%,48,"62,500","3,000,000",0,2020-07-24,2024-07-03,완납,0,이서연
EMP0230,김미래,생산3팀,과장,긴급생활자금대출,"20,000,000",3.45%,36,"555,556","20,000,016",0,2021-10-19,2024-10-03,완납,0,박지훈
EMP0231,이보람,생산2팀,부장,자녀학자금대출,"5,000,000",3.11%,12,"416,667","5,000,004",0,2025-02-13,2026-02-08,완납,0,이서연
EMP0232,신상우,생산3팀,사원,긴급생활자금대출,"20,000,000",2.06%,36,"555,556","10,000,008","9,999,992",2024-11-30,2027-11-15,정상,0,김민준
EMP0233,임건우,인사팀,사원,의료비대출,"10,000,000",2.86%,60,"166,667","7,000,014","2,999,986",2022-12-09,2027-11-13,연체,18,정태영
EMP0234,권성호,품질관리팀,팀장,주택자금대출,"10,000,000",1.99%,48,"208,333","7,083,322","2,916,678",2023-08-20,2027-07-30,정상,0,이서연
EMP0235,김수빈,물류팀,팀장,의료비대출,"30,000,000",3.52%,24,"1,250,000","30,000,000",0,2020-12-25,2022-12-15,완납,0,정태영
EMP0236,서태준,영업팀,차장,의료비대출,"3,000,000",2.7%,12,"250,000","3,000,000",0,2021-01-13,2022-01-08,완납,0,이서연
EMP0237,황동현,품질관리팀,사원,의료비대출,"20,000,000",2.21%,36,"555,556","7,222,228","12,777,772",2025-05-07,2028-04-21,정상,0,박지훈
EMP0238,류수빈,인사팀,사원,의료비대출,"50,000,000",2.58%,24,"2,083,333","49,999,992",8,2020-05-07,2022-04-27,정상,0,최수아
EMP0239,임현우,영업팀,부장,자녀학자금대출,"50,000,000",3.81%,12,"4,166,667","50,000,004",0,2023-08-01,2024-07-26,완납,0,박지훈
EMP0240,오채원,품질관리팀,주임,생활안정자금대출,"20,000,000",1.96%,60,"333,333","17,333,316","2,666,684",2022-02-04,2027-01-09,연체,90,정태영
EMP0241,황민호,총무팀,팀장,생활안정자금대출,"5,000,000",3.54%,60,"83,333","1,499,994","3,500,006",2024-11-23,2029-10-28,정상,0,정태영
EMP0242,권재원,연구개발팀,대리,주택자금대출,"30,000,000",1.84%,60,"500,000","8,000,000","22,000,000",2025-01-23,2029-12-28,정상,0,정태영
EMP0243,송태영,생산3팀,대리,자녀학자금대출,"20,000,000",1.85%,24,"833,333","19,999,992",8,2024-01-08,2025-12-28,연체,12,정태영
EMP0244,권아영,생산1팀,과장,생활안정자금대출,"30,000,000",2.75%,60,"500,000","30,000,000",0,2020-04-28,2025-04-02,완납,0,정태영
EMP0245,권하은,설비유지팀,부장,주택자금대출,"20,000,000",2.26%,12,"1,666,667","20,000,004",0,2024-03-07,2025-03-02,완납,0,이서연
EMP0246,류지훈,생산1팀,과장,의료비대출,"50,000,000",1.69%,12,"4,166,667","50,000,004",0,2025-03-29,2026-03-24,완납,0,김민준
EMP0247,황서연,설비유지팀,과장,생활안정자금대출,"5,000,000",3.8%,48,"104,167","5,000,016",0,2022-02-05,2026-01-15,완납,0,최수아
EMP0248,권지현,영업팀,과장,주택자금대출,"50,000,000",4.39%,60,"833,333","49,999,980",20,2020-09-29,2025-09-03,정상,0,김민준
EMP0249,강미래,영업팀,차장,생활안정자금대출,"50,000,000",4.44%,12,"4,166,667","50,000,004",0,2024-03-28,2025-03-23,완납,0,김민준
EMP0250,임준혁,재무팀,부장,자녀학자금대출,"20,000,000",3.1%,24,"833,333","19,999,992",8,2021-05-21,2023-05-11,연체,45,이서연
EMP0251,장지민,연구개발팀,팀장,주택자금대출,"3,000,000",3.93%,48,"62,500","2,250,000","750,000",2023-06-13,2027-05-23,정상,0,이서연
EMP0252,조지훈,생산2팀,차장,주택자금대출,"20,000,000",3.29%,12,"1,666,667","20,000,004",0,2021-05-16,2022-05-11,완납,0,김민준
EMP0253,서준혁,품질관리팀,차장,생활안정자금대출,"3,000,000",1.92%,36,"83,333","2,999,988",12,2021-04-24,2024-04-08,정상,0,정태영
EMP0254,전민호,재무팀,팀장,의료비대출,"5,000,000",2.41%,24,"208,333","4,999,992",8,2023-09-14,2025-09-03,정상,0,최수아
EMP0255,임성호,생산1팀,차장,자녀학자금대출,"50,000,000",4.23%,48,"1,041,667","41,666,680","8,333,320",2023-02-12,2027-01-22,연체,7,박지훈
EMP0256,서아영,총무팀,대리,긴급생활자금대출,"20,000,000",1.95%,48,"416,667","20,000,016",0,2021-01-11,2024-12-21,완납,0,정태영
EMP0257,황예린,품질관리팀,대리,생활안정자금대출,"20,000,000",4.24%,60,"333,333","16,666,650","3,333,350",2022-04-25,2027-03-30,연체,72,정태영
EMP0258,정승민,품질관리팀,대리,생활안정자금대출,"10,000,000",3.44%,48,"208,333","4,166,660","5,833,340",2024-09-30,2028-09-09,정상,0,김민준
EMP0259,송수빈,품질관리팀,사원,의료비대출,"20,000,000",3.52%,60,"333,333","19,999,980",20,2020-03-21,2025-02-23,정상,0,이서연
EMP0260,류수빈,재무팀,차장,생활안정자금대출,"20,000,000",2.13%,36,"555,556","20,000,016",0,2021-09-12,2024-08-27,완납,0,김민준
EMP0261,조보람,품질관리팀,부장,주택자금대출,"50,000,000",4.5%,48,"1,041,667","16,666,672","33,333,328",2025-02-15,2029-01-25,정상,0,정태영
EMP0262,조승민,품질관리팀,차장,의료비대출,"10,000,000",2.64%,60,"166,667","5,666,678","4,333,322",2023-08-21,2028-07-25,정상,0,박지훈
EMP0263,장유진,총무팀,과장,긴급생활자금대출,"3,000,000",3.91%,48,"62,500","1,625,000","1,375,000",2024-04-08,2028-03-18,정상,0,이서연
EMP0264,오동현,영업팀,사원,자녀학자금대출,"5,000,000",3.72%,12,"416,667","5,000,004",0,2021-06-18,2022-06-13,완납,0,정태영
EMP0265,류건우,연구개발팀,과장,의료비대출,"5,000,000",2.09%,24,"208,333","4,999,992",8,2022-02-16,2024-02-06,정상,0,최수아
EMP0266,송도윤,재무팀,대리,의료비대출,"20,000,000",4.4%,48,"416,667","19,166,682","833,318",2022-08-01,2026-07-11,정상,0,박지훈
EMP0267,강태영,연구개발팀,차장,긴급생활자금대출,"5,000,000",4.25%,60,"83,333","2,833,322","2,166,678",2023-08-07,2028-07-11,정상,0,정태영
EMP0268,이태준,생산2팀,팀장,주택자금대출,"3,000,000",2.74%,24,"125,000","3,000,000",0,2020-05-19,2022-05-09,완납,0,이서연
EMP0269,김지민,총무팀,과장,의료비대출,"3,000,000",3.35%,60,"50,000","800,000","2,200,000",2025-02-12,2030-01-17,연체,85,최수아
EMP0270,김민준,총무팀,차장,긴급생활자금대출,"3,000,000",1.55%,36,"83,333","2,999,988",12,2023-01-02,2025-12-17,정상,0,김민준
EMP0271,안태준,연구개발팀,부장,긴급생활자금대출,"5,000,000",1.82%,12,"416,667","5,000,004",0,2022-12-09,2023-12-04,완납,0,이서연
EMP0272,윤지민,인사팀,차장,의료비대출,"10,000,000",2.3%,48,"208,333","9,999,984",16,2020-06-10,2024-05-20,정상,0,최수아
EMP0273,권건우,품질관리팀,부장,생활안정자금대출,"10,000,000",3.55%,12,"833,333","9,999,996",4,2023-08-31,2024-08-25,정상,0,김민준
EMP0274,서승민,영업팀,차장,긴급생활자금대출,"3,000,000",3.41%,24,"125,000","3,000,000",0,2020-06-18,2022-06-08,완납,0,최수아
EMP0275,신도윤,물류팀,차장,주택자금대출,"30,000,000",4.26%,24,"1,250,000","30,000,000",0,2021-03-08,2023-02-26,완납,0,정태영
EMP0276,황성호,생산1팀,사원,의료비대출,"30,000,000",3.19%,12,"2,500,000","30,000,000",0,2021-01-02,2021-12-28,완납,0,박지훈
EMP0277,김지민,인사팀,주임,긴급생활자금대출,"3,000,000",2.4%,60,"50,000","3,000,000",0,2021-05-07,2026-04-11,완납,0,정태영
EMP0278,서하은,총무팀,대리,긴급생활자금대출,"50,000,000",1.92%,12,"4,166,667","50,000,004",0,2022-10-22,2023-10-17,완납,0,박지훈
EMP0279,이수아,영업팀,주임,주택자금대출,"10,000,000",3.32%,60,"166,667","2,166,671","7,833,329",2025-05-09,2030-04-13,연체,42,김민준
EMP0280,장아영,구매팀,과장,생활안정자금대출,"10,000,000",3.16%,48,"208,333","9,999,984",16,2022-06-03,2026-05-13,정상,0,정태영
EMP0281,서지훈,인사팀,대리,생활안정자금대출,"50,000,000",1.72%,36,"1,388,889","50,000,004",0,2020-11-11,2023-10-27,완납,0,최수아
EMP0282,정수빈,영업팀,대리,의료비대출,"3,000,000",1.77%,36,"83,333","2,999,988",12,2022-06-29,2025-06-13,정상,0,박지훈
EMP0283,최태영,생산2팀,주임,긴급생활자금대출,"20,000,000",3.17%,60,"333,333","16,666,650","3,333,350",2022-04-15,2027-03-20,정상,0,김민준
EMP0284,박유진,총무팀,사원,자녀학자금대출,"30,000,000",3.85%,48,"625,000","30,000,000",0,2020-01-26,2024-01-05,완납,0,박지훈
EMP0285,신승민,생산2팀,부장,자녀학자금대출,"5,000,000",3.22%,24,"208,333","4,999,992",8,2023-11-04,2025-10-24,연체,22,이서연
EMP0286,장나연,설비유지팀,과장,생활안정자금대출,"3,000,000",2.0%,36,"83,333","2,999,988",12,2022-05-12,2025-04-26,정상,0,최수아
EMP0287,박유진,설비유지팀,주임,긴급생활자금대출,"30,000,000",3.35%,48,"625,000","30,000,000",0,2020-08-07,2024-07-17,완납,0,이서연
EMP0288,임민준,영업팀,대리,자녀학자금대출,"20,000,000",3.91%,36,"555,556","20,000,016",0,2022-06-20,2025-06-04,완납,0,박지훈
EMP0289,신태준,재무팀,차장,생활안정자금대출,"10,000,000",2.46%,24,"416,667","10,000,008",0,2022-09-08,2024-08-28,완납,0,박지훈
EMP0290,강승민,물류팀,대리,긴급생활자금대출,"30,000,000",3.85%,36,"833,333","29,999,988",12,2022-02-09,2025-01-24,정상,0,최수아
EMP0291,오수아,인사팀,주임,자녀학자금대출,"30,000,000",2.04%,60,"500,000","30,000,000",0,2020-02-25,2025-01-29,완납,0,최수아
EMP0292,조준혁,설비유지팀,팀장,주택자금대출,"20,000,000",3.52%,24,"833,333","19,999,992",8,2023-07-21,2025-07-10,정상,0,이서연
EMP0293,장하은,생산3팀,부장,긴급생활자금대출,"20,000,000",1.72%,60,"333,333","14,999,985","5,000,015",2022-09-08,2027-08-13,연체,69,정태영
EMP0294,신미래,생산1팀,팀장,의료비대출,"50,000,000",4.19%,60,"833,333","30,833,321","19,166,679",2023-05-01,2028-04-04,정상,0,김민준
EMP0295,윤하은,재무팀,대리,생활안정자금대출,"50,000,000",3.34%,60,"833,333","28,333,322","21,666,678",2023-08-14,2028-07-18,연체,43,최수아
EMP0296,최민준,생산2팀,대리,생활안정자금대출,"30,000,000",3.74%,60,"500,000","19,000,000","11,000,000",2023-04-03,2028-03-07,정상,0,최수아
EMP0297,오승민,구매팀,팀장,자녀학자금대출,"50,000,000",3.0%,36,"1,388,889","50,000,004",0,2020-02-20,2023-02-04,완납,0,최수아
EMP0298,최나연,영업팀,사원,주택자금대출,"50,000,000",1.93%,36,"1,388,889","50,000,004",0,2021-12-03,2024-11-17,완납,0,최수아
EMP0299,조재원,구매팀,대리,긴급생활자금대출,"3,000,000",2.81%,48,"62,500","3,000,000",0,2021-10-15,2025-09-24,완납,0,김민준
EMP0300,임서연,연구개발팀,사원,주택자금대출,"10,000,000",3.44%,24,"416,667","5,833,338","4,166,662",2025-03-19,2027-03-09,정상,0,정태영
EMP0301,강미래,생산3팀,대리,자녀학자금대출,"20,000,000",4.38%,24,"833,333","19,166,659","833,341",2024-06-21,2026-06-11,연체,81,이서연
EMP0302,강도윤,재무팀,과장,긴급생활자금대출,"3,000,000",3.71%,24,"125,000","3,000,000",0,2022-07-09,2024-06-28,완납,0,정태영
EMP0303,신승민,생산1팀,부장,생활안정자금대출,"5,000,000",2.34%,12,"416,667","5,000,004",0,2023-03-28,2024-03-22,완납,0,김민준
EMP0304,송현우,물류팀,대리,생활안정자금대출,"20,000,000",1.84%,48,"416,667","17,500,014","2,499,986",2022-12-16,2026-11-25,정상,0,정태영
EMP0305,서채원,영업팀,차장,주택자금대출,"10,000,000",2.56%,48,"208,333","7,499,988","2,500,012",2023-06-18,2027-05-28,정상,0,박지훈
EMP0306,전건우,생산2팀,부장,생활안정자금대출,"10,000,000",1.85%,36,"277,778","10,000,008",0,2020-08-27,2023-08-12,완납,0,이서연
EMP0307,오지석,생산3팀,차장,긴급생활자금대출,"20,000,000",3.29%,60,"333,333","17,333,316","2,666,684",2022-02-24,2027-01-29,연체,24,최수아
EMP0308,송지석,재무팀,주임,자녀학자금대출,"5,000,000",2.97%,24,"208,333","4,999,992",8,2021-01-18,2023-01-08,정상,0,최수아
EMP0309,전서연,물류팀,사원,긴급생활자금대출,"5,000,000",2.09%,48,"104,167","1,250,004","3,749,996",2025-05-27,2029-05-06,연체,53,최수아
EMP0310,신지석,구매팀,과장,생활안정자금대출,"3,000,000",3.2%,24,"125,000","3,000,000",0,2021-08-21,2023-08-11,완납,0,김민준
EMP0311,장예린,총무팀,대리,생활안정자금대출,"20,000,000",3.2%,48,"416,667","16,666,680","3,333,320",2023-01-30,2027-01-09,정상,0,정태영
EMP0312,최성호,총무팀,팀장,의료비대출,"30,000,000",3.97%,12,"2,500,000","30,000,000",0,2024-04-05,2025-03-31,완납,0,최수아
EMP0313,송지민,영업팀,사원,생활안정자금대출,"10,000,000",4.12%,12,"833,333","9,999,996",4,2022-07-10,2023-07-05,정상,0,박지훈
EMP0314,박준혁,생산2팀,팀장,생활안정자금대출,"5,000,000",3.93%,60,"83,333","2,583,323","2,416,677",2023-11-12,2028-10-16,정상,0,정태영
EMP0315,신현우,인사팀,주임,생활안정자금대출,"5,000,000",3.92%,60,"83,333","4,499,982","500,018",2021-12-19,2026-11-23,정상,0,정태영
EMP0316,송현우,물류팀,부장,의료비대출,"10,000,000",3.22%,60,"166,667","2,666,672","7,333,328",2025-01-17,2029-12-22,정상,0,이서연
EMP0317,신보람,생산1팀,대리,생활안정자금대출,"50,000,000",4.1%,24,"2,083,333","49,999,992",8,2020-10-26,2022-10-16,정상,0,이서연
EMP0318,서소희,생산3팀,차장,의료비대출,"50,000,000",2.74%,48,"1,041,667","50,000,016",0,2020-06-03,2024-05-13,완납,0,김민준
EMP0319,서재원,연구개발팀,대리,의료비대출,"20,000,000",4.35%,36,"555,556","20,000,016",0,2023-04-06,2026-03-21,완납,0,김민준
EMP0320,박수빈,구매팀,부장,의료비대출,"3,000,000",3.89%,48,"62,500","3,000,000",0,2021-03-22,2025-03-01,완납,0,최수아
EMP0321,조소희,설비유지팀,대리,의료비대출,"10,000,000",3.14%,24,"416,667","10,000,008",0,2023-03-05,2025-02-22,완납,0,최수아
EMP0322,한상우,재무팀,팀장,주택자금대출,"3,000,000",1.8%,48,"62,500","3,000,000",0,2020-02-03,2024-01-13,완납,0,김민준
EMP0323,강준혁,구매팀,사원,긴급생활자금대출,"5,000,000",4.49%,24,"208,333","3,749,994","1,250,006",2024-12-11,2026-12-01,정상,0,이서연
EMP0324,장지훈,재무팀,대리,의료비대출,"3,000,000",2.62%,24,"125,000","3,000,000",0,2020-04-16,2022-04-06,완납,0,최수아
EMP0325,임수빈,연구개발팀,팀장,생활안정자금대출,"20,000,000",3.47%,12,"1,666,667","20,000,004",0,2020-01-03,2020-12-28,완납,0,이서연
EMP0326,황지훈,생산3팀,차장,생활안정자금대출,"30,000,000",3.54%,12,"2,500,000","30,000,000",0,2020-01-17,2021-01-11,완납,0,박지훈
EMP0327,최지현,영업팀,부장,생활안정자금대출,"20,000,000",1.71%,48,"416,667","20,000,016",0,2020-07-01,2024-06-10,완납,0,김민준
EMP0328,최동현,물류팀,대리,생활안정자금대출,"20,000,000",3.82%,24,"833,333","19,999,992",8,2023-08-06,2025-07-26,정상,0,김민준
EMP0329,안건우,생산1팀,차장,생활안정자금대출,"20,000,000",2.55%,24,"833,333","19,999,992",8,2023-07-10,2025-06-29,정상,0,최수아
EMP0330,전하은,구매팀,팀장,생활안정자금대출,"3,000,000",4.19%,24,"125,000","3,000,000",0,2024-03-21,2026-03-11,완납,0,김민준
EMP0331,류수빈,영업팀,대리,긴급생활자금대출,"10,000,000",3.87%,24,"416,667","10,000,008",0,2021-07-21,2023-07-11,완납,0,김민준
EMP0332,윤미래,인사팀,차장,자녀학자금대출,"10,000,000",3.84%,12,"833,333","9,999,996",4,2024-10-02,2025-09-27,정상,0,이서연
EMP0333,안채원,총무팀,주임,긴급생활자금대출,"10,000,000",3.44%,24,"416,667","10,000,008",0,2022-10-10,2024-09-29,완납,0,최수아
EMP0334,최예린,구매팀,부장,자녀학자금대출,"3,000,000",3.08%,12,"250,000","3,000,000",0,2022-01-09,2023-01-04,완납,0,박지훈
EMP0335,정승민,인사팀,과장,의료비대출,"30,000,000",3.55%,48,"625,000","8,125,000","21,875,000",2025-05-08,2029-04-17,정상,0,김민준
EMP0336,류지훈,생산1팀,대리,생활안정자금대출,"3,000,000",4.27%,48,"62,500","2,687,500","312,500",2022-11-03,2026-10-13,정상,0,정태영
EMP0337,신혜린,연구개발팀,과장,주택자금대출,"50,000,000",3.11%,60,"833,333","49,999,980",20,2020-11-08,2025-10-13,정상,0,김민준
EMP0338,임지훈,총무팀,주임,생활안정자금대출,"30,000,000",2.48%,60,"500,000","17,500,000","12,500,000",2023-07-23,2028-06-26,정상,0,박지훈
EMP0339,신수빈,품질관리팀,사원,생활안정자금대출,"3,000,000",4.27%,12,"250,000","3,000,000",0,2022-07-17,2023-07-12,완납,0,정태영
EMP0340,전서연,설비유지팀,부장,생활안정자금대출,"3,000,000",1.54%,24,"125,000","3,000,000",0,2023-12-07,2025-11-26,완납,0,김민준
EMP0341,강소희,물류팀,차장,자녀학자금대출,"50,000,000",2.28%,36,"1,388,889","50,000,004",0,2020-09-16,2023-09-01,완납,0,박지훈
EMP0342,최민호,생산1팀,대리,긴급생활자금대출,"10,000,000",3.07%,36,"277,778","8,055,562","1,944,438",2023-12-29,2026-12-13,정상,0,최수아
EMP0343,권재원,물류팀,사원,긴급생활자금대출,"30,000,000",2.0%,24,"1,250,000","30,000,000",0,2021-06-06,2023-05-27,완납,0,김민준
EMP0344,류하은,연구개발팀,사원,생활안정자금대출,"50,000,000",3.03%,12,"4,166,667","50,000,004",0,2024-10-24,2025-10-19,완납,0,김민준
EMP0345,윤서연,구매팀,대리,긴급생활자금대출,"5,000,000",2.04%,12,"416,667","5,000,004",0,2023-02-06,2024-02-01,완납,0,최수아
EMP0346,윤동현,품질관리팀,과장,의료비대출,"10,000,000",3.98%,60,"166,667","8,666,684","1,333,316",2022-02-02,2027-01-07,정상,0,정태영
EMP0347,이현우,품질관리팀,팀장,자녀학자금대출,"3,000,000",4.36%,12,"250,000","3,000,000",0,2024-12-01,2025-11-26,완납,0,최수아
EMP0348,임민호,설비유지팀,대리,주택자금대출,"30,000,000",2.87%,36,"833,333","29,999,988",12,2021-02-14,2024-01-30,정상,0,정태영
EMP0349,임수빈,인사팀,주임,긴급생활자금대출,"10,000,000",3.28%,48,"208,333","5,208,325","4,791,675",2024-05-01,2028-04-10,정상,0,정태영
EMP0350,윤태영,생산1팀,과장,주택자금대출,"5,000,000",3.12%,12,"416,667","5,000,004",0,2025-05-01,2026-04-26,완납,0,박지훈
EMP0351,김민호,재무팀,과장,의료비대출,"3,000,000",2.12%,24,"125,000","3,000,000",0,2022-05-09,2024-04-28,완납,0,최수아
EMP0352,이태영,연구개발팀,대리,주택자금대출,"3,000,000",4.26%,60,"50,000","2,500,000","500,000",2022-04-25,2027-03-30,정상,0,최수아
EMP0353,박건우,생산2팀,차장,생활안정자금대출,"50,000,000",3.96%,12,"4,166,667","50,000,004",0,2023-04-27,2024-04-21,완납,0,정태영
EMP0354,이혜린,재무팀,주임,생활안정자금대출,"10,000,000",2.28%,36,"277,778","4,166,670","5,833,330",2025-03-11,2028-02-24,연체,90,박지훈
EMP0355,한준혁,설비유지팀,주임,주택자금대출,"5,000,000",1.91%,60,"83,333","4,999,980",20,2020-08-11,2025-07-16,정상,0,김민준
EMP0356,강준혁,구매팀,대리,긴급생활자금대출,"3,000,000",3.11%,24,"125,000","3,000,000",0,2022-07-14,2024-07-03,완납,0,박지훈
EMP0357,권성호,생산2팀,사원,생활안정자금대출,"50,000,000",2.41%,60,"833,333","49,999,980",20,2020-03-23,2025-02-25,정상,0,박지훈
EMP0358,정지훈,연구개발팀,주임,의료비대출,"20,000,000",3.04%,36,"555,556","20,000,016",0,2021-06-16,2024-05-31,완납,0,이서연
EMP0359,김승민,구매팀,차장,자녀학자금대출,"5,000,000",1.78%,12,"416,667","5,000,004",0,2024-07-04,2025-06-29,완납,0,이서연
EMP0360,최민준,생산1팀,팀장,생활안정자금대출,"5,000,000",2.09%,48,"104,167","5,000,016",0,2022-02-01,2026-01-11,완납,0,김민준
EMP0361,류건우,설비유지팀,팀장,주택자금대출,"3,000,000",4.49%,24,"125,000","2,000,000","1,000,000",2025-01-22,2027-01-12,연체,17,김민준
EMP0362,한수아,생산1팀,과장,주택자금대출,"5,000,000",4.27%,48,"104,167","2,291,674","2,708,326",2024-08-09,2028-07-19,연체,64,김민준
EMP0363,서하은,영업팀,주임,의료비대출,"5,000,000",4.22%,36,"138,889","5,000,004",0,2021-07-27,2024-07-11,완납,0,최수아
EMP0364,정서연,인사팀,차장,자녀학자금대출,"5,000,000",3.44%,48,"104,167","5,000,016",0,2022-04-23,2026-04-02,완납,0,정태영
EMP0365,황서연,생산2팀,대리,긴급생활자금대출,"5,000,000",2.76%,60,"83,333","4,999,980",20,2021-05-25,2026-04-29,정상,0,최수아
EMP0366,오소희,총무팀,팀장,긴급생활자금대출,"10,000,000",4.24%,60,"166,667","9,333,352","666,648",2021-10-20,2026-09-24,연체,35,이서연
EMP0367,김동현,인사팀,주임,주택자금대출,"10,000,000",1.68%,48,"208,333","8,749,986","1,250,014",2022-12-20,2026-11-29,정상,0,정태영
EMP0368,윤현우,생산2팀,주임,생활안정자금대출,"10,000,000",3.1%,12,"833,333","9,999,996",4,2024-04-13,2025-04-08,정상,0,정태영
EMP0369,서유진,생산3팀,주임,생활안정자금대출,"30,000,000",2.45%,36,"833,333","13,333,328","16,666,672",2025-02-14,2028-01-30,정상,0,박지훈
EMP0370,류건우,생산3팀,차장,생활안정자금대출,"20,000,000",3.13%,24,"833,333","19,999,992",8,2022-10-01,2024-09-20,정상,0,김민준
EMP0371,이예린,인사팀,주임,주택자금대출,"30,000,000",2.93%,36,"833,333","12,499,995","17,500,005",2025-02-22,2028-02-07,정상,0,이서연
EMP0372,한지석,생산3팀,팀장,의료비대출,"3,000,000",1.57%,60,"50,000","1,500,000","1,500,000",2023-12-14,2028-11-17,정상,0,김민준
EMP0373,안지현,물류팀,사원,의료비대출,"50,000,000",4.33%,48,"1,041,667","39,583,346","10,416,654",2023-04-15,2027-03-25,정상,0,박지훈
EMP0374,임동현,생산3팀,주임,긴급생활자금대출,"50,000,000",4.38%,36,"1,388,889","50,000,004",0,2020-12-22,2023-12-07,완납,0,정태영
EMP0375,전아영,물류팀,주임,자녀학자금대출,"5,000,000",2.64%,36,"138,889","5,000,004",0,2020-09-17,2023-09-02,완납,0,이서연
EMP0376,김지석,인사팀,과장,자녀학자금대출,"3,000,000",2.05%,36,"83,333","1,249,995","1,750,005",2025-03-01,2028-02-14,정상,0,정태영
EMP0377,최보람,구매팀,주임,의료비대출,"50,000,000",1.73%,36,"1,388,889","50,000,004",0,2021-10-16,2024-09-30,완납,0,이서연
EMP0378,박태준,연구개발팀,부장,의료비대출,"20,000,000",1.53%,24,"833,333","19,999,992",8,2021-05-26,2023-05-16,정상,0,박지훈
EMP0379,장아영,생산2팀,부장,주택자금대출,"3,000,000",2.66%,48,"62,500","3,000,000",0,2020-12-06,2024-11-15,완납,0,최수아
EMP0380,황상우,영업팀,대리,자녀학자금대출,"20,000,000",1.8%,48,"416,667","10,000,008","9,999,992",2024-06-03,2028-05-13,정상,0,이서연
EMP0381,권지훈,생산1팀,대리,주택자금대출,"10,000,000",2.28%,12,"833,333","9,999,996",4,2020-05-31,2021-05-26,정상,0,이서연
EMP0382,서현우,연구개발팀,사원,자녀학자금대출,"3,000,000",2.51%,60,"50,000","850,000","2,150,000",2025-01-03,2029-12-08,연체,4,최수아
EMP0383,강채원,영업팀,주임,주택자금대출,"3,000,000",2.49%,24,"125,000","3,000,000",0,2022-04-18,2024-04-07,완납,0,정태영
EMP0384,송성호,재무팀,대리,의료비대출,"5,000,000",1.79%,48,"104,167","4,062,513","937,487",2023-03-16,2027-02-23,연체,20,김민준
EMP0385,오민준,영업팀,사원,의료비대출,"50,000,000",3.38%,48,"1,041,667","50,000,016",0,2021-02-12,2025-01-22,완납,0,김민준
EMP0386,김지민,생산3팀,부장,의료비대출,"3,000,000",2.92%,12,"250,000","3,000,000",0,2021-09-23,2022-09-18,완납,0,최수아
EMP0387,황소희,재무팀,대리,주택자금대출,"50,000,000",3.13%,24,"2,083,333","49,999,992",8,2022-01-29,2024-01-19,연체,48,이서연
EMP0388,권서연,설비유지팀,과장,긴급생활자금대출,"10,000,000",2.18%,36,"277,778","10,000,008",0,2023-03-01,2026-02-13,완납,0,김민준
EMP0389,정민호,연구개발팀,부장,주택자금대출,"3,000,000",3.5%,60,"50,000","2,500,000","500,000",2022-04-27,2027-04-01,정상,0,정태영
EMP0390,이태준,영업팀,팀장,자녀학자금대출,"20,000,000",4.4%,48,"416,667","16,250,013","3,749,987",2023-03-18,2027-02-25,정상,0,최수아
EMP0391,임지훈,영업팀,팀장,주택자금대출,"30,000,000",3.21%,60,"500,000","11,500,000","18,500,000",2024-06-27,2029-06-01,정상,0,김민준
EMP0392,권현우,생산3팀,주임,생활안정자금대출,"5,000,000",1.63%,12,"416,667","5,000,004",0,2023-10-31,2024-10-25,완납,0,최수아
EMP0393,조태준,재무팀,주임,자녀학자금대출,"10,000,000",2.46%,12,"833,333","9,999,996",4,2020-06-27,2021-06-22,연체,72,최수아
EMP0394,송동현,설비유지팀,차장,긴급생활자금대출,"3,000,000",3.86%,60,"50,000","1,900,000","1,100,000",2023-04-18,2028-03-22,연체,15,최수아
EMP0395,정태영,인사팀,차장,자녀학자금대출,"3,000,000",4.27%,60,"50,000","1,250,000","1,750,000",2024-05-15,2029-04-19,정상,0,박지훈
EMP0396,송상우,물류팀,과장,의료비대출,"20,000,000",3.46%,60,"333,333","11,999,988","8,000,012",2023-06-01,2028-05-05,연체,5,이서연
EMP0397,장승민,생산3팀,차장,자녀학자금대출,"50,000,000",3.58%,12,"4,166,667","50,000,004",0,2022-03-21,2023-03-16,완납,0,박지훈
EMP0398,윤서연,연구개발팀,과장,의료비대출,"10,000,000",1.56%,36,"277,778","10,000,008",0,2021-09-28,2024-09-12,완납,0,박지훈
EMP0399,황지현,연구개발팀,부장,주택자금대출,"5,000,000",1.9%,48,"104,167","2,604,175","2,395,825",2024-05-04,2028-04-13,정상,0,박지훈
EMP0400,신채원,재무팀,사원,생활안정자금대출,"20,000,000",2.13%,48,"416,667","11,250,009","8,749,991",2024-02-26,2028-02-05,연체,67,박지훈
EMP0401,이재원,생산3팀,사원,의료비대출,"50,000,000",3.02%,24,"2,083,333","49,999,992",8,2024-05-17,2026-05-07,정상,0,이서연
EMP0402,조상우,품질관리팀,팀장,주택자금대출,"5,000,000",1.6%,12,"416,667","5,000,004",0,2025-02-23,2026-02-18,완납,0,박지훈
EMP0403,조성호,물류팀,팀장,긴급생활자금대출,"30,000,000",2.69%,12,"2,500,000","30,000,000",0,2023-10-27,2024-10-21,완납,0,김민준
EMP0404,윤유진,구매팀,차장,긴급생활자금대출,"5,000,000",4.38%,48,"104,167","3,958,346","1,041,654",2023-04-16,2027-03-26,정상,0,박지훈
EMP0405,강태준,설비유지팀,부장,주택자금대출,"10,000,000",1.58%,12,"833,333","9,999,996",4,2020-11-29,2021-11-24,정상,0,이서연
EMP0406,윤하은,품질관리팀,대리,긴급생활자금대출,"30,000,000",1.56%,12,"2,500,000","30,000,000",0,2022-08-28,2023-08-23,완납,0,이서연
EMP0407,강채원,생산1팀,주임,의료비대출,"30,000,000",3.92%,36,"833,333","24,166,657","5,833,343",2023-12-30,2026-12-14,정상,0,최수아
EMP0408,서지현,물류팀,과장,의료비대출,"5,000,000",2.9%,60,"83,333","1,833,326","3,166,674",2024-08-15,2029-07-20,연체,75,김민준
EMP0409,김재원,재무팀,팀장,의료비대출,"30,000,000",3.44%,60,"500,000","29,500,000","500,000",2021-08-01,2026-07-06,정상,0,김민준
EMP0410,황지훈,물류팀,대리,의료비대출,"10,000,000",2.28%,36,"277,778","10,000,008",0,2021-01-20,2024-01-05,완납,0,이서연
EMP0411,안민호,품질관리팀,사원,자녀학자금대출,"20,000,000",3.48%,24,"833,333","19,999,992",8,2024-01-17,2026-01-06,정상,0,최수아
EMP0412,임성호,영업팀,과장,긴급생활자금대출,"50,000,000",1.61%,60,"833,333","18,333,326","31,666,674",2024-07-29,2029-07-03,정상,0,박지훈
EMP0413,윤하은,총무팀,부장,긴급생활자금대출,"50,000,000",2.58%,36,"1,388,889","27,777,780","22,222,220",2024-09-27,2027-09-12,정상,0,정태영
EMP0414,강나연,생산2팀,과장,생활안정자금대출,"50,000,000",2.28%,60,"833,333","21,666,658","28,333,342",2024-04-11,2029-03-16,정상,0,박지훈
EMP0415,박예린,물류팀,주임,의료비대출,"20,000,000",3.86%,36,"555,556","20,000,016",0,2022-01-31,2025-01-15,완납,0,박지훈
EMP0416,류나연,구매팀,팀장,주택자금대출,"20,000,000",1.66%,60,"333,333","12,666,654","7,333,346",2023-04-03,2028-03-07,정상,0,최수아
EMP0417,조재원,생산2팀,팀장,긴급생활자금대출,"30,000,000",2.4%,12,"2,500,000","30,000,000",0,2024-11-18,2025-11-13,완납,0,이서연
EMP0418,정지민,물류팀,과장,자녀학자금대출,"20,000,000",1.93%,24,"833,333","19,999,992",8,2024-05-14,2026-05-04,정상,0,최수아
EMP0419,한도윤,생산3팀,대리,주택자금대출,"3,000,000",2.86%,24,"125,000","3,000,000",0,2024-04-07,2026-03-28,완납,0,이서연
EMP0420,류민호,생산3팀,과장,주택자금대출,"5,000,000",3.34%,48,"104,167","5,000,016",0,2022-04-06,2026-03-16,완납,0,최수아
EMP0421,황승민,생산1팀,사원,자녀학자금대출,"5,000,000",3.69%,12,"416,667","5,000,004",0,2024-12-31,2025-12-26,완납,0,박지훈
EMP0422,안지민,생산1팀,부장,주택자금대출,"50,000,000",3.7%,24,"2,083,333","49,999,992",8,2023-11-21,2025-11-10,정상,0,박지훈
EMP0423,정수아,영업팀,차장,자녀학자금대출,"10,000,000",2.0%,12,"833,333","9,999,996",4,2021-09-02,2022-08-28,정상,0,최수아
EMP0424,안채원,총무팀,대리,긴급생활자금대출,"50,000,000",4.49%,36,"1,388,889","22,222,224","27,777,776",2025-01-20,2028-01-05,연체,46,이서연
EMP0425,강보람,영업팀,사원,생활안정자금대출,"5,000,000",3.68%,24,"208,333","4,999,992",8,2021-03-08,2023-02-26,정상,0,정태영
EMP0426,안현우,생산2팀,대리,주택자금대출,"20,000,000",4.13%,36,"555,556","13,888,900","6,111,100",2024-04-28,2027-04-13,정상,0,정태영
EMP0427,이하은,생산2팀,부장,주택자금대출,"3,000,000",3.57%,48,"62,500","3,000,000",0,2022-06-28,2026-06-07,완납,0,최수아
EMP0428,최미래,설비유지팀,과장,생활안정자금대출,"5,000,000",3.59%,12,"416,667","5,000,004",0,2021-09-08,2022-09-03,완납,0,최수아
EMP0429,최하은,총무팀,대리,자녀학자금대출,"30,000,000",3.6%,48,"625,000","13,125,000","16,875,000",2024-08-28,2028-08-07,정상,0,정태영
EMP0430,전수아,설비유지팀,사원,주택자금대출,"20,000,000",2.1%,24,"833,333","19,999,992",8,2024-05-12,2026-05-02,정상,0,정태영
EMP0431,조유진,연구개발팀,과장,의료비대출,"5,000,000",1.62%,48,"104,167","1,666,672","3,333,328",2025-02-07,2029-01-17,정상,0,최수아
EMP0432,한예린,생산1팀,사원,주택자금대출,"3,000,000",4.01%,48,"62,500","3,000,000",0,2020-11-01,2024-10-11,완납,0,김민준
EMP0433,안지훈,연구개발팀,부장,주택자금대출,"10,000,000",3.43%,48,"208,333","9,999,984",16,2021-08-29,2025-08-08,정상,0,최수아
EMP0434,이수아,생산3팀,팀장,주택자금대출,"10,000,000",2.58%,36,"277,778","10,000,008",0,2022-05-22,2025-05-06,완납,0,김민준
EMP0435,최지현,생산1팀,사원,생활안정자금대출,"50,000,000",3.44%,36,"1,388,889","50,000,004",0,2022-01-02,2024-12-17,완납,0,최수아
EMP0436,전성호,연구개발팀,사원,의료비대출,"10,000,000",2.05%,48,"208,333","9,999,984",16,2022-03-30,2026-03-09,연체,35,최수아
EMP0437,황아영,영업팀,부장,생활안정자금대출,"3,000,000",1.9%,12,"250,000","3,000,000",0,2025-04-14,2026-04-09,완납,0,이서연
EMP0438,최혜린,인사팀,과장,자녀학자금대출,"50,000,000",2.81%,60,"833,333","43,333,316","6,666,684",2022-02-16,2027-01-21,정상,0,정태영
EMP0439,김지현,재무팀,팀장,생활안정자금대출,"20,000,000",4.26%,12,"1,666,667","20,000,004",0,2024-12-22,2025-12-17,완납,0,최수아
EMP0440,권서연,생산2팀,대리,의료비대출,"3,000,000",3.61%,60,"50,000","1,300,000","1,700,000",2024-04-20,2029-03-25,정상,0,박지훈
EMP0441,안재원,연구개발팀,부장,자녀학자금대출,"3,000,000",2.8%,24,"125,000","3,000,000",0,2022-09-13,2024-09-02,완납,0,박지훈
EMP0442,서태영,총무팀,차장,주택자금대출,"3,000,000",3.43%,24,"125,000","3,000,000",0,2022-11-01,2024-10-21,완납,0,최수아
EMP0443,황지현,생산3팀,사원,긴급생활자금대출,"10,000,000",2.22%,36,"277,778","10,000,008",0,2020-04-13,2023-03-29,완납,0,정태영
EMP0444,윤미래,재무팀,과장,긴급생활자금대출,"5,000,000",1.74%,48,"104,167","2,395,841","2,604,159",2024-06-28,2028-06-07,연체,12,최수아
EMP0445,권동현,생산2팀,과장,주택자금대출,"3,000,000",2.71%,12,"250,000","3,000,000",0,2023-02-15,2024-02-10,완납,0,정태영
EMP0446,김태준,생산2팀,팀장,자녀학자금대출,"30,000,000",3.41%,60,"500,000","20,000,000","10,000,000",2023-02-25,2028-01-30,정상,0,최수아
EMP0447,한유진,생산1팀,팀장,생활안정자금대출,"20,000,000",2.5%,60,"333,333","12,333,321","7,666,679",2023-05-13,2028-04-16,연체,85,박지훈
EMP0448,권수아,생산2팀,팀장,생활안정자금대출,"3,000,000",2.52%,36,"83,333","2,999,988",12,2023-01-26,2026-01-10,정상,0,김민준
EMP0449,이상우,생산3팀,과장,생활안정자금대출,"50,000,000",3.73%,48,"1,041,667","50,000,016",0,2020-08-07,2024-07-17,완납,0,박지훈
EMP0450,전지민,품질관리팀,사원,긴급생활자금대출,"5,000,000",2.87%,24,"208,333","4,999,992",8,2024-01-07,2025-12-27,정상,0,김민준
EMP0451,신서연,재무팀,팀장,자녀학자금대출,"3,000,000",3.82%,48,"62,500","2,937,500","62,500",2022-07-25,2026-07-04,정상,0,최수아
EMP0452,김재원,연구개발팀,사원,자녀학자금대출,"20,000,000",4.02%,48,"416,667","6,250,005","13,749,995",2025-03-08,2029-02-15,정상,0,정태영
EMP0453,강수빈,생산3팀,사원,긴급생활자금대출,"50,000,000",3.3%,36,"1,388,889","50,000,004",0,2022-10-29,2025-10-13,완납,0,최수아
EMP0454,신채원,연구개발팀,팀장,생활안정자금대출,"10,000,000",2.69%,36,"277,778","10,000,008",0,2021-08-25,2024-08-09,완납,0,최수아
EMP0455,정태영,영업팀,차장,자녀학자금대출,"10,000,000",4.03%,60,"166,667","3,166,673","6,833,327",2024-10-28,2029-10-02,정상,0,정태영
EMP0456,조지민,품질관리팀,차장,의료비대출,"50,000,000",2.54%,24,"2,083,333","49,999,992",8,2023-12-25,2025-12-14,정상,0,정태영
EMP0457,송지석,재무팀,대리,주택자금대출,"10,000,000",3.19%,60,"166,667","6,500,013","3,499,987",2023-03-14,2028-02-16,연체,87,정태영
EMP0458,임상우,영업팀,팀장,주택자금대출,"30,000,000",1.82%,48,"625,000","30,000,000",0,2020-10-24,2024-10-03,완납,0,김민준
EMP0459,이지민,설비유지팀,팀장,생활안정자금대출,"10,000,000",3.55%,24,"416,667","8,750,007","1,249,993",2024-09-15,2026-09-05,정상,0,박지훈
EMP0460,조민호,총무팀,사원,의료비대출,"20,000,000",1.81%,60,"333,333","6,333,327","13,666,673",2024-11-06,2029-10-11,정상,0,정태영
EMP0461,서예린,총무팀,팀장,의료비대출,"50,000,000",3.49%,48,"1,041,667","50,000,016",0,2022-03-04,2026-02-11,완납,0,최수아
EMP0462,한미래,생산1팀,사원,의료비대출,"5,000,000",3.36%,48,"104,167","2,187,507","2,812,493",2024-08-26,2028-08-05,정상,0,박지훈
EMP0463,류미래,연구개발팀,차장,생활안정자금대출,"50,000,000",4.39%,36,"1,388,889","50,000,004",0,2022-07-08,2025-06-22,완납,0,이서연
EMP0464,박현우,생산3팀,부장,자녀학자금대출,"3,000,000",2.63%,48,"62,500","3,000,000",0,2021-07-25,2025-07-04,완납,0,정태영
EMP0465,장태영,생산3팀,차장,의료비대출,"3,000,000",2.49%,24,"125,000","3,000,000",0,2020-03-22,2022-03-12,완납,0,이서연
EMP0466,한채원,생산1팀,팀장,자녀학자금대출,"50,000,000",2.4%,60,"833,333","33,333,320","16,666,680",2023-01-31,2028-01-05,정상,0,김민준
EMP0467,한재원,품질관리팀,주임,자녀학자금대출,"3,000,000",3.86%,24,"125,000","3,000,000",0,2022-05-01,2024-04-20,완납,0,정태영
EMP0468,송승민,생산2팀,대리,생활안정자금대출,"5,000,000",3.49%,36,"138,889","5,000,004",0,2022-01-08,2024-12-23,완납,0,박지훈
EMP0469,조민호,인사팀,차장,긴급생활자금대출,"30,000,000",3.97%,12,"2,500,000","30,000,000",0,2020-08-22,2021-08-17,완납,0,박지훈
EMP0470,권예린,재무팀,차장,자녀학자금대출,"5,000,000",4.38%,36,"138,889","5,000,004",0,2022-02-20,2025-02-04,완납,0,김민준
EMP0471,서성호,총무팀,부장,의료비대출,"3,000,000",4.23%,36,"83,333","2,999,988",12,2022-11-19,2025-11-03,연체,63,김민준
EMP0472,임상우,재무팀,주임,의료비대출,"30,000,000",1.75%,12,"2,500,000","30,000,000",0,2020-12-08,2021-12-03,완납,0,정태영
EMP0473,송민준,재무팀,사원,생활안정자금대출,"50,000,000",3.39%,24,"2,083,333","39,583,327","10,416,673",2024-11-06,2026-10-27,연체,14,이서연
EMP0474,송태준,연구개발팀,부장,긴급생활자금대출,"50,000,000",3.95%,12,"4,166,667","50,000,004",0,2024-03-09,2025-03-04,완납,0,이서연
EMP0475,김준혁,연구개발팀,대리,주택자금대출,"3,000,000",1.72%,24,"125,000","3,000,000",0,2024-06-14,2026-06-04,완납,0,박지훈
EMP0476,송지훈,인사팀,팀장,생활안정자금대출,"10,000,000",2.72%,48,"208,333","7,291,655","2,708,345",2023-07-14,2027-06-23,연체,56,박지훈
EMP0477,김승민,재무팀,사원,자녀학자금대출,"3,000,000",3.42%,60,"50,000","3,000,000",0,2020-05-09,2025-04-13,완납,0,정태영
EMP0478,이지석,생산2팀,대리,자녀학자금대출,"3,000,000",2.37%,36,"83,333","2,999,988",12,2023-05-27,2026-05-11,정상,0,박지훈
EMP0479,권승민,영업팀,팀장,주택자금대출,"20,000,000",1.97%,24,"833,333","19,999,992",8,2020-10-06,2022-09-26,연체,70,박지훈
EMP0480,정나연,재무팀,팀장,의료비대출,"3,000,000",3.16%,60,"50,000","3,000,000",0,2020-10-16,2025-09-20,완납,0,김민준
EMP0481,이민준,인사팀,차장,긴급생활자금대출,"30,000,000",3.14%,12,"2,500,000","30,000,000",0,2021-09-16,2022-09-11,완납,0,이서연
EMP0482,오지민,영업팀,부장,자녀학자금대출,"5,000,000",1.98%,24,"208,333","4,999,992",8,2023-06-17,2025-06-06,정상,0,이서연
EMP0483,최현우,재무팀,팀장,자녀학자금대출,"3,000,000",4.05%,60,"50,000","2,300,000","700,000",2022-08-02,2027-07-07,정상,0,박지훈
EMP0484,박성호,생산2팀,주임,자녀학자금대출,"20,000,000",4.35%,36,"555,556","20,000,016",0,2020-09-19,2023-09-04,완납,0,이서연
EMP0485,최나연,인사팀,사원,생활안정자금대출,"10,000,000",2.96%,36,"277,778","10,000,008",0,2023-06-16,2026-05-31,완납,0,박지훈
EMP0486,류태영,인사팀,차장,의료비대출,"10,000,000",4.38%,24,"416,667","10,000,008",0,2020-01-10,2021-12-30,완납,0,박지훈
EMP0487,윤아영,품질관리팀,부장,긴급생활자금대출,"10,000,000",4.02%,24,"416,667","10,000,008",0,2023-10-23,2025-10-12,완납,0,박지훈
EMP0488,황준혁,구매팀,대리,의료비대출,"20,000,000",3.16%,24,"833,333","19,999,992",8,2023-08-15,2025-08-04,정상,0,박지훈
EMP0489,정상우,총무팀,주임,의료비대출,"50,000,000",4.16%,12,"4,166,667","50,000,004",0,2024-01-29,2025-01-23,완납,0,김민준
EMP0490,김지현,총무팀,부장,주택자금대출,"30,000,000",3.24%,60,"500,000","30,000,000",0,2021-03-11,2026-02-13,완납,0,김민준
EMP0491,송성호,총무팀,차장,긴급생활자금대출,"50,000,000",3.83%,36,"1,388,889","50,000,004",0,2022-03-14,2025-02-26,완납,0,이서연
EMP0492,류수빈,설비유지팀,주임,긴급생활자금대출,"30,000,000",3.03%,48,"625,000","30,000,000",0,2022-01-15,2025-12-25,완납,0,정태영
EMP0493,김하은,품질관리팀,팀장,자녀학자금대출,"50,000,000",2.0%,60,"833,333","49,999,980",20,2020-10-14,2025-09-18,연체,21,이서연
EMP0494,류건우,재무팀,팀장,생활안정자금대출,"50,000,000",3.7%,36,"1,388,889","50,000,004",0,2020-03-23,2023-03-08,완납,0,이서연
EMP0495,황예린,생산2팀,대리,의료비대출,"5,000,000",1.63%,24,"208,333","4,999,992",8,2022-11-26,2024-11-15,정상,0,최수아
EMP0496,황보람,구매팀,사원,주택자금대출,"50,000,000",2.47%,60,"833,333","29,166,655","20,833,345",2023-07-21,2028-06-24,정상,0,박지훈
EMP0497,류미래,인사팀,주임,긴급생활자금대출,"50,000,000",2.64%,60,"833,333","27,499,989","22,500,011",2023-08-31,2028-08-04,정상,0,정태영
EMP0498,장승민,품질관리팀,차장,긴급생활자금대출,"10,000,000",3.95%,36,"277,778","10,000,008",0,2022-09-24,2025-09-08,완납,0,최수아
EMP0499,전민준,총무팀,주임,긴급생활자금대출,"5,000,000",2.19%,60,"83,333","2,833,322","2,166,678",2023-08-10,2028-07-14,정상,0,이서연
EMP0500,정현우,생산3팀,대리,자녀학자금대출,"50,000,000",3.95%,24,"2,083,333","49,999,992",8,2022-04-29,2024-04-18,정상,0,김민준
EMP0501,황하은,구매팀,과장,생활안정자금대출,"30,000,000",1.98%,48,"625,000","30,000,000",0,2020-02-15,2024-01-25,완납,0,이서연
EMP0502,이태영,인사팀,차장,생활안정자금대출,"5,000,000",3.39%,12,"416,667","5,000,004",0,2024-12-29,2025-12-24,완납,0,정태영
EMP0503,정서연,생산3팀,대리,생활안정자금대출,"30,000,000",4.37%,60,"500,000","19,500,000","10,500,000",2023-02-28,2028-02-02,정상,0,박지훈
EMP0504,박지민,구매팀,차장,긴급생활자금대출,"20,000,000",2.01%,48,"416,667","15,416,679","4,583,321",2023-05-15,2027-04-24,정상,0,정태영
EMP0505,강채원,재무팀,차장,의료비대출,"5,000,000",3.67%,36,"138,889","2,083,335","2,916,665",2025-03-03,2028-02-16,연체,77,정태영
EMP0506,박예린,영업팀,과장,생활안정자금대출,"3,000,000",1.55%,60,"50,000","950,000","2,050,000",2024-10-26,2029-09-30,연체,20,정태영
EMP0507,최현우,구매팀,차장,자녀학자금대출,"3,000,000",4.13%,60,"50,000","2,200,000","800,000",2022-10-27,2027-10-01,정상,0,김민준
EMP0508,황하은,생산3팀,차장,자녀학자금대출,"3,000,000",4.19%,48,"62,500","2,625,000","375,000",2022-12-05,2026-11-14,연체,48,김민준
EMP0509,안혜린,품질관리팀,팀장,긴급생활자금대출,"20,000,000",2.55%,60,"333,333","19,999,980",20,2020-07-19,2025-06-23,연체,18,박지훈
EMP0510,황민호,품질관리팀,팀장,주택자금대출,"10,000,000",3.29%,60,"166,667","8,333,350","1,666,650",2022-04-16,2027-03-21,정상,0,이서연
EMP0511,김지석,연구개발팀,팀장,주택자금대출,"30,000,000",3.07%,60,"500,000","30,000,000",0,2020-01-15,2024-12-19,완납,0,최수아
EMP0512,조지석,물류팀,과장,의료비대출,"3,000,000",1.96%,60,"50,000","3,000,000",0,2021-06-03,2026-05-08,완납,0,박지훈
EMP0513,송혜린,인사팀,대리,자녀학자금대출,"10,000,000",4.48%,48,"208,333","5,416,658","4,583,342",2024-03-26,2028-03-05,정상,0,최수아
EMP0514,송아영,총무팀,과장,생활안정자금대출,"10,000,000",3.18%,48,"208,333","9,999,984",16,2021-06-03,2025-05-13,정상,0,정태영
EMP0515,오민호,연구개발팀,과장,생활안정자금대출,"50,000,000",1.86%,24,"2,083,333","49,999,992",8,2022-07-03,2024-06-22,정상,0,김민준
EMP0516,조재원,영업팀,팀장,의료비대출,"30,000,000",3.34%,12,"2,500,000","30,000,000",0,2020-11-25,2021-11-20,완납,0,최수아
EMP0517,김아영,생산2팀,팀장,생활안정자금대출,"20,000,000",4.28%,48,"416,667","20,000,016",0,2020-06-29,2024-06-08,완납,0,김민준
EMP0518,장예린,물류팀,사원,자녀학자금대출,"3,000,000",3.67%,48,"62,500","2,250,000","750,000",2023-06-11,2027-05-21,정상,0,정태영
EMP0519,이민호,생산3팀,부장,긴급생활자금대출,"20,000,000",1.53%,60,"333,333","19,333,314","666,686",2021-08-08,2026-07-13,정상,0,김민준
EMP0520,전재원,총무팀,부장,생활안정자금대출,"30,000,000",2.01%,12,"2,500,000","30,000,000",0,2022-01-06,2023-01-01,완납,0,이서연
EMP0521,김현우,생산2팀,대리,긴급생활자금대출,"10,000,000",3.51%,48,"208,333","7,916,654","2,083,346",2023-04-15,2027-03-25,정상,0,정태영
EMP0522,김수빈,연구개발팀,사원,주택자금대출,"30,000,000",2.35%,60,"500,000","7,500,000","22,500,000",2025-02-16,2030-01-21,정상,0,박지훈
EMP0523,장예린,인사팀,주임,긴급생활자금대출,"20,000,000",3.22%,36,"555,556","20,000,016",0,2020-12-24,2023-12-09,완납,0,최수아
EMP0524,안수아,총무팀,사원,자녀학자금대출,"10,000,000",2.52%,12,"833,333","9,999,996",4,2024-07-02,2025-06-27,정상,0,정태영
EMP0525,류성호,연구개발팀,과장,긴급생활자금대출,"30,000,000",2.95%,24,"1,250,000","30,000,000",0,2024-03-31,2026-03-21,완납,0,박지훈
EMP0526,권하은,구매팀,차장,주택자금대출,"20,000,000",1.85%,12,"1,666,667","20,000,004",0,2022-02-22,2023-02-17,완납,0,이서연
EMP0527,윤아영,물류팀,과장,의료비대출,"30,000,000",3.11%,36,"833,333","29,999,988",12,2021-05-23,2024-05-07,정상,0,김민준
EMP0528,서하은,연구개발팀,팀장,의료비대출,"3,000,000",3.16%,24,"125,000","3,000,000",0,2022-09-02,2024-08-22,완납,0,박지훈
EMP0529,오지민,인사팀,대리,생활안정자금대출,"50,000,000",3.55%,24,"2,083,333","49,999,992",8,2022-10-18,2024-10-07,정상,0,이서연
EMP0530,윤지현,설비유지팀,주임,생활안정자금대출,"5,000,000",4.0%,60,"83,333","4,499,982","500,018",2021-12-30,2026-12-04,정상,0,김민준
EMP0531,최보람,생산2팀,부장,긴급생활자금대출,"30,000,000",1.52%,60,"500,000","6,500,000","23,500,000",2025-05-15,2030-04-19,정상,0,최수아
EMP0532,오채원,물류팀,과장,자녀학자금대출,"10,000,000",2.97%,60,"166,667","9,833,353","166,647",2021-07-27,2026-07-01,연체,29,정태영
EMP0533,정서연,총무팀,팀장,긴급생활자금대출,"20,000,000",4.32%,12,"1,666,667","20,000,004",0,2022-10-26,2023-10-21,완납,0,박지훈
EMP0534,서지현,재무팀,팀장,생활안정자금대출,"20,000,000",4.43%,60,"333,333","15,666,651","4,333,349",2022-07-31,2027-07-05,정상,0,김민준
EMP0535,김하은,품질관리팀,과장,자녀학자금대출,"3,000,000",2.48%,60,"50,000","950,000","2,050,000",2024-10-31,2029-10-05,정상,0,이서연
EMP0536,송성호,품질관리팀,대리,긴급생활자금대출,"30,000,000",2.53%,24,"1,250,000","30,000,000",0,2022-10-18,2024-10-07,완납,0,최수아
EMP0537,조혜린,연구개발팀,팀장,의료비대출,"10,000,000",4.06%,36,"277,778","10,000,008",0,2022-07-12,2025-06-26,완납,0,이서연
EMP0538,류태영,인사팀,부장,생활안정자금대출,"3,000,000",3.66%,24,"125,000","3,000,000",0,2023-02-11,2025-01-31,완납,0,최수아
EMP0539,서지민,생산3팀,팀장,생활안정자금대출,"20,000,000",3.92%,24,"833,333","19,999,992",8,2022-05-13,2024-05-02,연체,18,정태영
EMP0540,송수빈,물류팀,팀장,긴급생활자금대출,"10,000,000",2.25%,60,"166,667","10,000,020",0,2020-04-07,2025-03-12,완납,0,최수아
EMP0541,최지석,생산3팀,사원,생활안정자금대출,"10,000,000",2.93%,12,"833,333","9,999,996",4,2022-07-10,2023-07-05,정상,0,박지훈
EMP0542,오유진,총무팀,차장,의료비대출,"10,000,000",1.56%,12,"833,333","9,999,996",4,2021-12-20,2022-12-15,정상,0,정태영
EMP0543,류도윤,재무팀,차장,생활안정자금대출,"10,000,000",2.57%,60,"166,667","7,500,015","2,499,985",2022-09-25,2027-08-30,연체,11,최수아
EMP0544,전나연,구매팀,부장,생활안정자금대출,"5,000,000",3.42%,36,"138,889","5,000,004",0,2022-05-13,2025-04-27,완납,0,정태영
EMP0545,류승민,생산2팀,사원,생활안정자금대출,"10,000,000",2.18%,36,"277,778","9,166,674","833,326",2023-08-30,2026-08-14,정상,0,박지훈
EMP0546,전도윤,영업팀,대리,긴급생활자금대출,"10,000,000",3.74%,60,"166,667","2,000,004","7,999,996",2025-05-31,2030-05-05,연체,53,이서연
EMP0547,강지현,생산1팀,주임,생활안정자금대출,"50,000,000",2.25%,12,"4,166,667","50,000,004",0,2021-03-07,2022-03-02,완납,0,이서연
EMP0548,서수아,생산2팀,사원,긴급생활자금대출,"30,000,000",1.66%,48,"625,000","26,250,000","3,750,000",2022-12-09,2026-11-18,정상,0,김민준
EMP0549,장채원,생산3팀,사원,긴급생활자금대출,"10,000,000",2.19%,36,"277,778","10,000,008",0,2022-06-26,2025-06-10,완납,0,이서연
EMP0550,정재원,생산3팀,사원,주택자금대출,"50,000,000",2.57%,36,"1,388,889","26,388,891","23,611,109",2024-11-04,2027-10-20,연체,60,정태영
EMP0551,장미래,구매팀,주임,자녀학자금대출,"5,000,000",3.27%,48,"104,167","3,645,845","1,354,155",2023-07-16,2027-06-25,연체,68,정태영
EMP0552,임보람,물류팀,과장,자녀학자금대출,"5,000,000",3.91%,48,"104,167","5,000,016",0,2021-09-22,2025-09-01,완납,0,박지훈
EMP0553,신성호,생산3팀,대리,주택자금대출,"3,000,000",3.07%,24,"125,000","3,000,000",0,2021-12-05,2023-11-25,완납,0,박지훈
EMP0554,황미래,생산1팀,부장,긴급생활자금대출,"20,000,000",2.4%,48,"416,667","9,583,341","10,416,659",2024-06-22,2028-06-01,정상,0,정태영
EMP0555,윤아영,생산1팀,차장,의료비대출,"5,000,000",2.74%,60,"83,333","3,999,984","1,000,016",2022-06-14,2027-05-19,연체,32,이서연
EMP0556,서태준,영업팀,주임,의료비대출,"3,000,000",2.77%,24,"125,000","3,000,000",0,2022-11-24,2024-11-13,완납,0,정태영
EMP0557,장나연,재무팀,부장,자녀학자금대출,"10,000,000",2.74%,12,"833,333","9,999,996",4,2021-01-08,2022-01-03,정상,0,박지훈
EMP0558,최도윤,구매팀,차장,긴급생활자금대출,"10,000,000",3.6%,48,"208,333","9,999,984",16,2021-01-19,2024-12-29,정상,0,김민준
EMP0559,정서연,총무팀,사원,생활안정자금대출,"3,000,000",2.35%,24,"125,000","3,000,000",0,2024-01-04,2025-12-24,완납,0,최수아
EMP0560,김예린,생산2팀,주임,주택자금대출,"20,000,000",2.15%,48,"416,667","20,000,016",0,2021-09-30,2025-09-09,완납,0,최수아
EMP0561,오준혁,연구개발팀,팀장,주택자금대출,"10,000,000",1.74%,24,"416,667","10,000,008",0,2020-04-24,2022-04-14,완납,0,박지훈
EMP0562,서지훈,총무팀,과장,생활안정자금대출,"5,000,000",4.19%,36,"138,889","3,055,558","1,944,442",2024-07-31,2027-07-16,연체,2,김민준
EMP0563,윤승민,구매팀,주임,주택자금대출,"5,000,000",2.88%,12,"416,667","5,000,004",0,2022-12-03,2023-11-28,완납,0,이서연
EMP0564,황승민,재무팀,대리,의료비대출,"5,000,000",3.39%,12,"416,667","5,000,004",0,2024-03-05,2025-02-28,완납,0,정태영
EMP0565,안수아,설비유지팀,과장,의료비대출,"5,000,000",2.58%,12,"416,667","5,000,004",0,2024-11-03,2025-10-29,완납,0,이서연
EMP0566,최예린,재무팀,과장,의료비대출,"3,000,000",2.0%,36,"83,333","2,999,988",12,2023-04-12,2026-03-27,정상,0,최수아
EMP0567,윤민준,생산1팀,차장,긴급생활자금대출,"50,000,000",3.29%,36,"1,388,889","34,722,225","15,277,775",2024-04-27,2027-04-12,정상,0,이서연
EMP0568,강소희,생산2팀,부장,자녀학자금대출,"10,000,000",4.29%,12,"833,333","9,999,996",4,2020-05-02,2021-04-27,정상,0,이서연
EMP0569,송아영,생산2팀,주임,긴급생활자금대출,"5,000,000",2.45%,60,"83,333","1,999,992","3,000,008",2024-06-02,2029-05-07,정상,0,최수아
EMP0570,조민준,연구개발팀,과장,의료비대출,"50,000,000",1.9%,12,"4,166,667","50,000,004",0,2022-09-20,2023-09-15,완납,0,최수아
EMP0571,송나연,총무팀,부장,긴급생활자금대출,"5,000,000",3.2%,60,"83,333","4,499,982","500,018",2021-12-13,2026-11-17,정상,0,최수아
EMP0572,장지현,인사팀,팀장,자녀학자금대출,"5,000,000",1.71%,24,"208,333","4,999,992",8,2022-07-09,2024-06-28,정상,0,박지훈
EMP0573,송유진,구매팀,사원,자녀학자금대출,"20,000,000",3.7%,12,"1,666,667","20,000,004",0,2023-06-23,2024-06-17,완납,0,박지훈
EMP0574,전예린,물류팀,부장,주택자금대출,"50,000,000",4.4%,48,"1,041,667","50,000,016",0,2021-01-23,2025-01-02,완납,0,정태영
EMP0575,황민호,총무팀,주임,자녀학자금대출,"10,000,000",2.47%,36,"277,778","10,000,008",0,2020-08-14,2023-07-30,완납,0,김민준
EMP0576,안하은,생산2팀,사원,생활안정자금대출,"5,000,000",4.12%,24,"208,333","4,999,992",8,2020-08-07,2022-07-28,연체,25,김민준
EMP0577,이건우,재무팀,팀장,긴급생활자금대출,"50,000,000",2.97%,60,"833,333","24,999,990","25,000,010",2023-12-07,2028-11-10,정상,0,김민준
EMP0578,오예린,인사팀,부장,주택자금대출,"3,000,000",4.29%,24,"125,000","3,000,000",0,2023-09-04,2025-08-24,완납,0,최수아
EMP0579,박준혁,재무팀,사원,의료비대출,"30,000,000",3.73%,48,"625,000","13,750,000","16,250,000",2024-08-10,2028-07-20,정상,0,김민준
EMP0580,전성호,총무팀,사원,주택자금대출,"10,000,000",1.73%,24,"416,667","5,000,004","4,999,996",2025-05-21,2027-05-11,정상,0,김민준
EMP0581,윤미래,영업팀,주임,생활안정자금대출,"30,000,000",3.47%,60,"500,000","17,500,000","12,500,000",2023-07-04,2028-06-07,정상,0,정태영
EMP0582,송혜린,연구개발팀,사원,자녀학자금대출,"10,000,000",3.52%,48,"208,333","3,749,994","6,250,006",2024-12-13,2028-11-22,정상,0,이서연
EMP0583,강미래,영업팀,차장,의료비대출,"50,000,000",1.97%,60,"833,333","39,999,984","10,000,016",2022-06-26,2027-05-31,정상,0,박지훈
EMP0584,송동현,물류팀,과장,긴급생활자금대출,"50,000,000",2.47%,24,"2,083,333","49,999,992",8,2023-02-27,2025-02-16,정상,0,최수아
EMP0585,송보람,연구개발팀,대리,의료비대출,"20,000,000",2.84%,48,"416,667","20,000,016",0,2020-01-01,2023-12-11,완납,0,김민준
EMP0586,임채원,생산1팀,차장,생활안정자금대출,"10,000,000",1.52%,24,"416,667","10,000,008",0,2021-03-15,2023-03-05,완납,0,박지훈
EMP0587,김민호,연구개발팀,팀장,의료비대출,"30,000,000",3.03%,60,"500,000","7,500,000","22,500,000",2025-03-11,2030-02-13,정상,0,김민준
EMP0588,이준혁,물류팀,주임,생활안정자금대출,"10,000,000",2.6%,60,"166,667","10,000,020",0,2021-05-26,2026-04-30,완납,0,이서연
EMP0589,장아영,설비유지팀,사원,자녀학자금대출,"20,000,000",3.21%,24,"833,333","19,999,992",8,2024-02-12,2026-02-01,정상,0,박지훈
EMP0590,황현우,구매팀,팀장,자녀학자금대출,"3,000,000",3.29%,36,"83,333","2,999,988",12,2020-03-17,2023-03-02,연체,11,김민준
EMP0591,한유진,영업팀,과장,주택자금대출,"5,000,000",3.74%,60,"83,333","1,249,995","3,750,005",2025-03-16,2030-02-18,정상,0,최수아
EMP0592,이나연,총무팀,사원,의료비대출,"30,000,000",3.19%,36,"833,333","29,999,988",12,2022-10-25,2025-10-09,정상,0,이서연
EMP0593,이하은,연구개발팀,과장,긴급생활자금대출,"30,000,000",3.23%,12,"2,500,000","30,000,000",0,2021-03-30,2022-03-25,완납,0,최수아
EMP0594,임아영,영업팀,주임,생활안정자금대출,"10,000,000",1.75%,60,"166,667","4,500,009","5,499,991",2024-03-06,2029-02-08,정상,0,정태영
EMP0595,서성호,생산2팀,과장,자녀학자금대출,"20,000,000",3.82%,24,"833,333","19,999,992",8,2024-04-09,2026-03-30,정상,0,최수아
EMP0596,송지민,구매팀,과장,자녀학자금대출,"5,000,000",3.18%,60,"83,333","4,999,980",20,2021-05-19,2026-04-23,정상,0,김민준
EMP0597,장민호,영업팀,대리,자녀학자금대출,"3,000,000",1.84%,48,"62,500","3,000,000",0,2022-05-17,2026-04-26,완납,0,박지훈
EMP0598,오지민,물류팀,대리,자녀학자금대출,"50,000,000",1.57%,36,"1,388,889","50,000,004",0,2020-12-12,2023-11-27,완납,0,박지훈
EMP0599,전태준,구매팀,차장,생활안정자금대출,"20,000,000",1.63%,24,"833,333","19,999,992",8,2021-02-12,2023-02-02,정상,0,이서연
EMP0600,박수아,연구개발팀,사원,생활안정자금대출,"30,000,000",4.28%,36,"833,333","29,999,988",12,2020-01-29,2023-01-13,정상,0,김민준
